-- phpMyAdmin SQL Dump
-- version 4.5.1
-- http://www.phpmyadmin.net
--
-- Servidor: 127.0.0.1
-- Tiempo de generaci贸n: 19-07-2017 a las 21:44:41
-- Versi贸n del servidor: 10.1.16-MariaDB
-- Versi贸n de PHP: 5.6.24

SET SQL_MODE = "NO_AUTO_VALUE_ON_ZERO";
SET time_zone = "+00:00";


/*!40101 SET @OLD_CHARACTER_SET_CLIENT=@@CHARACTER_SET_CLIENT */;
/*!40101 SET @OLD_CHARACTER_SET_RESULTS=@@CHARACTER_SET_RESULTS */;
/*!40101 SET @OLD_COLLATION_CONNECTION=@@COLLATION_CONNECTION */;
/*!40101 SET NAMES utf8mb4 */;

--
-- Base de datos: `sminmobiliaria`
--

-- --------------------------------------------------------

--
-- Estructura de tabla para la tabla `cliente`
--

CREATE TABLE `cliente` (
  `idCliente` int(5) NOT NULL,
  `nombre` varchar(50) NOT NULL,
  `apellido` varchar(50) NOT NULL,
  `apellidoMaterno` varchar(50) NOT NULL,
  `dni` int(10) NOT NULL,
  `cuit` int(12) DEFAULT NULL,
  `correo` varchar(50) NOT NULL,
  `telefono` int(20) DEFAULT NULL,
  `fechaNacimiento` varchar(10) NOT NULL,
  `estadoCivil` varchar(20) NOT NULL,
  `profesion` varchar(30) NOT NULL,
  `domicilio` varchar(30) NOT NULL,
  `ciudad` varchar(30) NOT NULL,
  `provincia` varchar(30) NOT NULL,
  `dgi` varchar(30) NOT NULL,
  `celular` int(20) DEFAULT NULL,
  `tipo` varchar(20) NOT NULL,
  `habilitado` tinyint(1) NOT NULL DEFAULT '1'
) ENGINE=InnoDB DEFAULT CHARSET=latin1;

--
-- Volcado de datos para la tabla `cliente`
--

INSERT INTO `cliente` (`idCliente`, `nombre`, `apellido`, `apellidoMaterno`, `dni`, `cuit`, `correo`, `telefono`, `fechaNacimiento`, `estadoCivil`, `profesion`, `domicilio`, `ciudad`, `provincia`, `dgi`, `celular`, `tipo`, `habilitado`) VALUES
(3, 'Agustin', 'Lopez', '', 36521448, 0, '', 213, '15/0/1992', 'Soltero', '', 'Guemes 568', 'Santa Fe', 'Santa Fe', 'Consumidor Final', 0, 'Garante', 1),
(4, 'Ruben', 'Lopez', '', 25444784, 0, '', 0, '15/7/1998', 'Casado', '', 'Guemes 886', 'Santa Fe', 'Santa Fe', 'Consumidor Final', 0, 'Garante', 1),
(5, 'Fernando', 'Mensching ', 'Silvestre', 35787954, 64564589, 'asdasgasg', 123216544, '17/4/1993', 'Soltero', 'Cajero Alevar', 'San Martin 1880', 'Tostado', 'Santa Fe', 'Consumidor Final', 21321654, 'Propietario', 1),
(6, 'Nahuel', 'Oggioni', 'Bonino', 37404941, 321565465, 'bgasofasfh', 12313121, '26/4/1994', 'Soltero', 'Travesti', 'San Martin 1660', 'Tostado', 'Santa Fe', 'Consumidor Final', 12312315, 'Inquilino', 1),
(7, 'Hernan', 'Mensching', 'Silvestre', 38774567, 0, '', 0, '15/6/1995', 'Soltero', '', 'San Martin 1880', 'Tostado', 'Santa Fe', 'Consumidor Final', 0, 'Propietario', 1),
(8, 'Pepito', 'Perez', 'Juarez', 210215215, 0, '', 0, '15/7/1985', 'Casado', '', 'Catamarca 2577', 'Tostado', 'Santa Fe', 'Consumidor Final', 0, 'Propietario', 1),
(19, 'Federico', 'Anselmo', '', 385654, 0, '', 0, '15/7/1994', '', '', 'CasiGol', 'Tostado', 'Santa Fe', 'Consumidor Final', 0, 'Propietario', 1),
(20, 'Paolo', 'Marini', '', 511225442, 0, '', 0, '25/7/1989', '', '', 'Junin 1244', 'Tostado', 'Santa Fe', 'Consumidor Final', 0, 'Garante', 1),
(21, 'Candela', 'Oggioni', '', 40255789, 0, '', 0, '24/5/1998', '', '', 'jose hernadnez 1112', 'Sarmiento', 'Santa Fe', 'Consumidor Final', 0, 'Propietario', 1),
(22, 'Lucas', 'Barzaghi', '', 34545644, 0, '', 0, '12/7/1996', 'Soltero', '', 'Jose Lamy 1554', 'Progreso', 'Santa Fe', 'Consumidor Final', 0, 'Inquilino', 1),
(23, 'Gustavo', 'Derrier', '', 25874196, 0, '', 0, '15/8/265', 'Casado', '', 'Icop Aula 22', 'Santa Fe', 'Santa Fe', 'Consumidor Final', 0, 'Inquilino', 1),
(24, 'Ronald', 'Quinteros', '', 4246789, 0, '', 0, '15/6/1980', '', '', 'Crespo 1667', 'Santa Fe', 'Santa Fe', 'Consumidor Final', 0, 'Propietario', 1),
(25, 'Maxilimiliano', 'Lugo', '', 644521666, 0, '', 0, '14/9/1982', '', '', 'Saavedra 1887', 'Tostado', 'Santa Fe', 'Consumidor Final', 0, 'Inquilino', 1),
(26, 'Robertino', 'Insua', 'Lopez', 5156156, 0, '', 0, '8/10/198', '', '', 'Belgrano 1554', 'Santa Fe', 'Santa Fe', 'Consumidor Final', 0, 'Garante', 1),
(27, 'Kampmann', 'Doris', '', 18520258, 0, '', 0, '1/1/1966', 'Casada', '', 'Guemes', 'Santa Fe', 'Santa Fe', 'Consumidor Final', 0, 'Garante', 1),
(28, 'Nereo', 'Fernandez', '', 365852012, 0, '', 0, '18/5/1961', '', '', 'Salta 4585', 'Santa Fe', 'Santa Fe', 'Consumidor Final', 0, 'Garante', 1),
(29, 'Diego', 'Villar', 'Pipa', 25485632, 0, '', 0, '25/1/1965', 'Casado', '', 'San martin 4587', 'Santa Fe', 'Santa Fe', 'Consumidor Final', 0, 'Garante', 1),
(30, 'Mauro', 'Pitton', '', 45612895, 0, '', 0, '15/8/1994', '', '', 'lamadri', 'Santa Fe', 'Santa Fe', 'Consumidor Final', 0, 'Garante', 1),
(32, 'Juan Roman ', 'Riquelme', 'Dios', 15245587, 0, '', 0, '15/8/1978', '', '', 'Magica 1548', 'Don Torcuato', 'Buenos Aires', 'Consumidor Final', 0, 'Garante', 1),
(33, 'Homero', 'Simpson', '', 89898989, 0, '', 0, '1/6/2000', '', '', '', 'Tostado', 'Santa Fe', 'Consumidor Final', 0, 'Propietario', 1),
(34, 'Pepe', 'Castro', '', 18421215, 0, '', 0, '1/6/2017', '', '', 'Pujato 1887', 'Santa Fe', 'Santa Fe', 'Consumidor Final', 0, 'Propietario', 1),
(35, 'Jose', 'Ayala', '', 12455687, 0, '', 0, '4/6/2017', '', '', 'Urquiza 1544', 'Tostado', 'Santa Fe', 'Consumidor Final', 0, 'Propietario', 1),
(36, 'Pitu', 'Cejas', '', 1234567897, 0, '', 0, '1/6/2017', '', '', 'Necochea 1551', 'Tostado', 'Santa Fe', 'Consumidor Final', 0, 'Inquilino', 1),
(37, 'Rodrigo', 'Salinas', '', 1234567777, 0, '', 0, '1/6/2017', '', '', 'Saavedra 188', 'Tostado', 'Santa Fe', 'Consumidor Final', 0, 'Garante', 1),
(38, 'Jazmin', 'Lopez', '', 37404942, 0, '', 0, '15/4/1998', '', '', 'Cordoba 1331', 'Santa Fe', 'Santa Fe', 'Consumidor Final', 0, 'Propietario', 1),
(39, 'Prueba', 'Prueba', '', 37331832, 0, '', 0, '1/7/2017', '', '', 'Calle de prueba', 'Tostado', 'Santa Fe', 'Consumidor Final', 0, 'Propietario', 1),
(40, 'Pata', 'Rondin', '', 10254787, 0, '', 0, '15/4/1987', '', '', 'Savalla 2300', 'Santa Fe', 'Santa Fe', 'Responsable Inscripto', 0, 'Propietario', 1),
(41, 'Jose', 'Velez', '', 37404777, 0, '', 0, '26/5/1992', '', '', 'Alma Fuerte 1221', 'Parana', 'Santa Fe', 'Consumidor Final', 0, 'Propietario', 1),
(42, 'Santiago', 'Gomez', '', 37404943, 0, '', 0, '26/12/1998', '', '', 'Galvez 2787', 'Tostado', 'Santa Fe', 'Consumidor Final', 0, 'Propietario', 1),
(43, 'asdasd', 'asdasd', '', 5456465, 0, '', 0, '1/7/1999', '', '', 'asdasdas', 'Tostado', 'Santa Fe', 'Consumidor Final', 0, 'Inquilino', 1),
(44, 'asdasd', 'asdasd', '', 12345678, 0, '', 0, '1/7/1989', '', '', 'asdasdas', 'Tostado', 'Santa Fe', 'Consumidor Final', 0, 'Inquilino', 1),
(45, 'Jose', 'Juanes', '', 37404948, 0, '', 0, '18/7/1999', '', '', 'Termas 1878', 'Rosario', 'Santa Fe', 'Consumidor Final', 0, 'Propietario', 1),
(46, 'Jorge Alejandro', 'Perusini', '', 17516044, 0, '', 0, '14/12/2000', '', '', 'San Martin 1551', 'Santa Fe', 'Santa Fe', 'Consumidor Final', 0, 'Propietario', 1),
(47, 'pdwopo', 'ewewewew', '', 18144746, 0, '', 0, '12/12/1998', '', '', 'ewwew', 'Tostado', 'Santa Fe', 'Consumidor Final', 0, 'Propietario', 1),
(48, 'kjashjfsaf', 'kjasdjhafkj', '', 10200300, 0, '', 0, '10/5/1878', '', '', 'jafjfakjaf', 'Tostado', 'Santa Fe', 'Consumidor Final', 0, 'Propietario', 1),
(49, 'hasdkjasdkj', 'kjasdkjaskj', '', 37405941, 0, '', 0, '10/8/1998', '', '', 'kjasdkjaskjasd', 'Tostado', 'Santa Fe', 'Consumidor Final', 0, 'Propietario', 1),
(50, 'sagasdd', 'dashasdjhas', '', 37405945, 0, '', 0, '10/7/1977', '', '', 'hasdhjdsag', 'Tostado', 'Santa Fe', 'Consumidor Final', 0, 'Propietario', 1),
(51, 'asdasd', 'asdasd', '', 10200301, 0, '', 0, '1/7/1993', '', '', 'asdasd', 'Tostado', 'Santa Fe', 'Consumidor Final', 0, 'Propietario', 1),
(52, 'asdasd', 'asdasd', '', 37400400, 0, '', 0, '26/5/199', '', '', 'asdasd 1231', 'Tostado', 'Santa Fe', 'Consumidor Final', 0, 'Propietario', 1),
(53, 'Nahuel', 'Bonino', '', 37400800, 0, '', 0, '1/7/1990', '', '', 'Jose Hern 1113', 'Sarmiento', 'Santa Fe', 'Consumidor Final', 0, 'Propietario', 1),
(54, 'Nahuel', 'Zarate', '', 20101020, 0, '', 0, '10/2/1989', '', '', 'sadasd ', 'Cabal', '22 - Santa Fe', 'Consumidor Final', 0, 'Propietario', 1),
(55, 'asdasd', 'asdasd', '', 12312345, 0, '', 0, '10/10/1810', '', '', 'asdasd', 'Seleccione Ciudad', 'SeleccioneProvincia', 'Consumidor Final', 0, 'Propietario', 1),
(56, 'asdasd', 'asdasd', '', 14725836, 0, '', 0, '10/10/1010', '', '', 'asdasd', 'Achiras', '7 - C贸rdoba', 'Consumidor Final', 0, 'Propietario', 1),
(57, 'asdasd', 'asdasd', '', 10102020, 0, '', 0, '10/10/1010', '', '', 'asdas', 'Seleccione Ciudad', 'SeleccioneProvincia', 'Consumidor Final', 0, 'Propietario', 1),
(58, 'Prueba', 'Garante', '', 20545686, 0, '', 0, '10/10/1010', '', '', 'dsasd 54', 'Sarmiento', 'Santa Fe', 'Consumidor Final', 0, 'Garante', 1);

-- --------------------------------------------------------

--
-- Estructura de tabla para la tabla `contrato`
--

CREATE TABLE `contrato` (
  `idContrato` int(5) NOT NULL,
  `idInmueble` int(5) NOT NULL,
  `idInquilino` int(5) NOT NULL,
  `idGarante` int(5) NOT NULL,
  `idGarante2` int(5) NOT NULL,
  `fechaComienzo` varchar(10) NOT NULL,
  `fechaVencimiento` varchar(10) NOT NULL,
  `cuota` int(4) NOT NULL,
  `cuotaActual` int(11) NOT NULL,
  `estado` varchar(20) NOT NULL,
  `garantia` int(15) NOT NULL,
  `cuotasGarantia` int(10) NOT NULL,
  `punitorios` double NOT NULL,
  `comicion` double NOT NULL,
  `diadePago` int(2) NOT NULL
) ENGINE=InnoDB DEFAULT CHARSET=latin1;

--
-- Volcado de datos para la tabla `contrato`
--

INSERT INTO `contrato` (`idContrato`, `idInmueble`, `idInquilino`, `idGarante`, `idGarante2`, `fechaComienzo`, `fechaVencimiento`, `cuota`, `cuotaActual`, `estado`, `garantia`, `cuotasGarantia`, `punitorios`, `comicion`, `diadePago`) VALUES
(1, 1, 2, 3, 4, 'fecha comi', 'FV', 12, 1, 'Activo', 1000, 5, 0.5, 0.3, 10),
(2, 1, 6, 4, 3, '1/5/2017', '1/5/2018', 12, 3, 'Activo', 800, 4, 0.003, 0.05, 10),
(3, 2, 6, 3, 4, '1/5/2017', '1/5/2018', 12, 1, 'Finalizado', 100, 1, 0.003, 0.05, 15),
(4, 2, 6, 3, 4, '5/5/2017', '5/5/2018', 12, 13, 'Finalizado', 100, 1, 0.003, 0.05, 15),
(5, 1, 6, 3, 4, '5/5/2017', '5/5/2018', 12, 2, 'Activo', 0, 1, 0.003, 0.05, 15),
(6, 1, 6, 4, 3, '1/5/2017', '1/5/2018', 12, 12, 'Activo', 500, 2, 0.003, 0.05, 15),
(7, 2, 6, 4, 3, '1/4/2017', '1/4/2018', 12, 5, 'Activo', 500, 1, 0.003, 0.05, 10),
(8, 3, 6, 3, 4, '1/5/2017', '1/5/2018', 12, 5, 'Activo', 100, 1, 0.003, 0.05, 10),
(9, 3, 6, 4, 3, '1/5/2017', '1/5/2018', 12, 1, 'Activo', 0, 1, 0.003, 0.05, 10),
(10, 2, 6, 3, 4, '1/5/2017', '1/5/2018', 12, 2, 'Activo', 100, 1, 0.003, 0.05, 10),
(11, 1, 6, 3, 4, '1/5/2017', '1/5/2018', 12, 3, 'Activo', 0, 1, 0.003, 0.05, 15),
(12, 3, 6, 4, 3, '1/4/2017', '1/4/2018', 12, 2, 'Activo', 0, 1, 0.003, 0.05, 10),
(13, 2, 6, 3, 4, '1/5/2017', '31/5/2017', 0, 1, 'Finalizado', 0, 1, 0.003, 0.05, 10),
(14, 1, 6, 3, 4, '1/5/2017', '1/5/2019', 24, 1, 'Activo', 2000, 3, 0.003, 0.05, 10),
(15, 1, 6, 3, 4, '1/5/2017', '1/5/2019', 24, 1, 'Finalizado', 800, 2, 0.003, 0.05, 15),
(16, 2, 6, 4, 3, '1/5/2017', '1/5/2019', 24, 1, 'Activo', 200, 2, 0.003, 0.05, 10),
(17, 3, 6, 3, 4, '1/5/2017', '1/4/2019', 23, 2, 'Activo', 0, 1, 0.003, 0.05, 12),
(18, 1, 6, 3, 4, '1/5/2017', '1/5/2018', 12, 2, 'Activo', 0, 1, 0.003, 0.05, 10),
(19, 3, 6, 3, 4, '1/5/2017', '1/5/2018', 12, 3, 'Activo', 0, 1, 0.003, 0.05, 10),
(20, 2, 6, 3, 4, '1/5/2017', '1/5/2018', 12, 2, 'Activo', 0, 1, 0.003, 0.05, 12),
(21, 9, 6, 3, 4, '1/4/2017', '22/6/2017', 2, 1, 'Finalizado', 1, 1, 0.003, 0.05, 10),
(22, 5, 6, 3, 4, '1/4/2017', '1/4/2018', 12, 3, 'Activo', 5, 5, 0.003, 0.05, 10),
(23, 10, 6, 3, 4, '1/6/2017', '1/6/2018', 12, 2, 'Finalizado', 500, 1, 0.003, 0.05, 10),
(24, 10, 6, 3, 4, '1/6/2017', '1/6/2018', 12, 2, 'Activo', 1, 1, 0.003, 0.05, 10),
(25, 16, 25, 28, 26, '1/6/2017', '1/6/2018', 12, 1, 'Activo', 1, 1, 0.003, 0.05, 10),
(26, 14, 26, 20, 29, '1/6/2017', '1/6/2018', 12, 1, 'Activo', 1, 1, 0.003, 0.05, 10),
(27, 17, 23, 27, 30, '1/6/2017', '1/6/2018', 12, 1, 'Activo', 1, 1, 0.003, 0.05, 10),
(28, 2, 23, 29, 27, '1/6/2017', '1/6/2018', 12, 1, 'Activo', 1, 1, 0.003, 0.05, 10),
(29, 2, 6, 3, 2, '1/6/2017', '1/6/2018', 12, 1, 'Activo', 1, 1, 0.003, 0.05, 10),
(30, 11, 23, 30, 32, '1/6/2017', '1/6/2018', 12, 1, 'Activo', 1, 1, 0.003, 0.05, 5),
(31, 2, 6, 3, 4, '1/6/2017', '1/6/2018', 12, 1, 'Activo', 1, 1, 0.003, 0.05, 5),
(32, 14, 6, 3, 4, '1/6/2016', '1/6/2018', 24, 1, 'Activo', 1, 1, 0.003, 0.05, 10),
(33, 13, 25, 32, 27, '1/6/2016', '1/6/2017', 12, 2, 'Finalizado', 1, 1, 0.003, 0.05, 5),
(34, 9, 25, 3, 4, '1/6/2017', '1/6/2018', 12, 1, 'Activo', 1, 1, 0.003, 0.05, 5),
(35, 15, 25, 3, 20, '1/6/2017', '1/6/2018', 12, 2, 'Activo', 0, 1, 0.003, 0.05, 10),
(36, 13, 23, 4, 27, '1/6/2017', '1/6/2018', 12, 1, 'Activo', 1, 1, 0.003, 0.05, 10),
(37, 13, 23, 3, 28, '1/6/2017', '1/6/2018', 12, 1, 'Activo', 1, 1, 0.003, 0.05, 10),
(38, 2, 23, 3, 26, '1/6/2017', '1/6/2018', 12, 1, 'Activo', 1, 1, 0.003, 0.05, 10),
(39, 22, 32, 22, 27, '1/6/2017', '1/6/2018', 12, 1, 'Activo', 1, 1, 0.003, 0.05, 10),
(40, 20, 5, 20, 23, '1/6/2017', '1/6/2018', 12, 1, 'Activo', 1, 1, 0.003, 0.05, 10),
(41, 13, 30, 24, 7, '1/6/2017', '1/6/2018', 12, 1, 'Activo', 1, 1, 0.003, 0.05, 10),
(42, 10, 20, 3, 32, '1/6/2017', '1/6/2018', 12, 1, 'Activo', 1, 1, 0.003, 0.05, 10),
(43, 18, 37, 36, 34, '1/8/2016', '1/8/2017', 12, 2, 'Activo', 1, 1, 0.003, 0.05, 10),
(44, 23, 25, 7, 20, '1/7/2017', '1/7/2018', 12, 3, 'Activo', 1500, 1, 0.003, 0.05, 10),
(45, 9, 5, 19, 30, '1/7/2017', '1/7/2018', 12, 2, 'Activo', 0, 1, 0.003, 0.05, 5),
(46, 2, 27, 23, 36, '1/7/2017', '1/7/2018', 12, 3, 'Activo', 0, 1, 0.003, 0.05, 5),
(47, 13, 22, 5, 34, '1/7/2017', '1/7/2018', 12, 1, 'Activo', 0, 1, 0.003, 0.06, 10),
(48, 24, 23, 6, 35, '1/7/2017', '30/6/2018', 11, 1, 'Activo', 0, 1, 0.003, 0.06, 10);

-- --------------------------------------------------------

--
-- Estructura de tabla para la tabla `contratocuota`
--

CREATE TABLE `contratocuota` (
  `idContrato` int(5) NOT NULL,
  `nroCuota` int(10) NOT NULL,
  `totalImpuestos` double(10,2) NOT NULL,
  `valorCuota` int(20) NOT NULL,
  `montoTotal` double(10,2) NOT NULL,
  `punitorios` double(10,2) NOT NULL,
  `comicion` double(10,2) NOT NULL,
  `valorGarantia` double(10,2) NOT NULL,
  `totalPagado` double(10,2) NOT NULL,
  `descuento` double(10,2) NOT NULL
) ENGINE=InnoDB DEFAULT CHARSET=latin1;

--
-- Volcado de datos para la tabla `contratocuota`
--

INSERT INTO `contratocuota` (`idContrato`, `nroCuota`, `totalImpuestos`, `valorCuota`, `montoTotal`, `punitorios`, `comicion`, `valorGarantia`, `totalPagado`, `descuento`) VALUES
(2, 1, 2100.00, 2000, 2100.00, 0.00, 100.00, 200.00, 2000.00, 200.00),
(2, 2, 340.00, 2000, 442.00, 0.00, 100.00, 200.00, 2000.00, 98.00),
(2, 3, 0.00, 2000, 2200.00, 0.00, 100.00, 200.00, 200.00, 0.00),
(2, 4, 1499.00, 2000, 3699.00, 0.00, 100.00, 200.00, 0.00, 0.00),
(2, 5, 0.00, 2000, 2000.00, 0.00, 100.00, 0.00, 0.00, 0.00),
(2, 6, 0.00, 2000, 2000.00, 0.00, 100.00, 0.00, 0.00, 0.00),
(2, 7, 0.00, 2000, 2000.00, 0.00, 100.00, 0.00, 0.00, 0.00),
(2, 8, 0.00, 2000, 2000.00, 0.00, 100.00, 0.00, 0.00, 0.00),
(2, 9, 0.00, 2000, 2000.00, 0.00, 100.00, 0.00, 0.00, 0.00),
(2, 10, 0.00, 2000, 2000.00, 0.00, 100.00, 0.00, 0.00, 0.00),
(2, 11, 0.00, 2000, 2000.00, 0.00, 100.00, 0.00, 0.00, 0.00),
(2, 12, 60.00, 2000, 2000.00, 0.00, 100.00, 0.00, 0.00, 0.00),
(3, 1, 500.00, 2500, 3100.00, 0.00, 125.00, 100.00, 600.00, 0.00),
(3, 2, 0.00, 2500, 2500.00, 0.00, 125.00, 0.00, 0.00, 0.00),
(3, 3, 0.00, 2500, 2500.00, 0.00, 125.00, 0.00, 0.00, 0.00),
(3, 4, 0.00, 2500, 2500.00, 0.00, 125.00, 0.00, 0.00, 0.00),
(3, 5, 0.00, 2500, 2500.00, 0.00, 125.00, 0.00, 0.00, 0.00),
(3, 6, 0.00, 2500, 2500.00, 0.00, 125.00, 0.00, 0.00, 0.00),
(3, 7, 0.00, 2500, 2500.00, 0.00, 125.00, 0.00, 0.00, 0.00),
(3, 8, 0.00, 2500, 2500.00, 0.00, 125.00, 0.00, 0.00, 0.00),
(3, 9, 0.00, 2500, 2500.00, 0.00, 125.00, 0.00, 0.00, 0.00),
(3, 10, 0.00, 2500, 2500.00, 0.00, 125.00, 0.00, 0.00, 0.00),
(3, 11, 0.00, 2500, 2500.00, 0.00, 125.00, 0.00, 0.00, 0.00),
(3, 12, 0.00, 2500, 2500.00, 0.00, 125.00, 0.00, 0.00, 0.00),
(3, 1, 500.00, 2500, 3100.00, 0.00, 125.00, 100.00, 600.00, 0.00),
(3, 2, 0.00, 2500, 2500.00, 0.00, 125.00, 0.00, 0.00, 0.00),
(3, 3, 0.00, 2500, 2500.00, 0.00, 125.00, 0.00, 0.00, 0.00),
(3, 4, 0.00, 2500, 2500.00, 0.00, 125.00, 0.00, 0.00, 0.00),
(3, 5, 0.00, 2500, 2500.00, 0.00, 125.00, 0.00, 0.00, 0.00),
(3, 6, 0.00, 2500, 2500.00, 0.00, 125.00, 0.00, 0.00, 0.00),
(3, 7, 0.00, 2500, 2500.00, 0.00, 125.00, 0.00, 0.00, 0.00),
(3, 8, 0.00, 2500, 2500.00, 0.00, 125.00, 0.00, 0.00, 0.00),
(3, 9, 0.00, 2500, 2500.00, 0.00, 125.00, 0.00, 0.00, 0.00),
(3, 10, 0.00, 2500, 2500.00, 0.00, 125.00, 0.00, 0.00, 0.00),
(3, 11, 0.00, 2500, 2500.00, 0.00, 125.00, 0.00, 0.00, 0.00),
(3, 12, 0.00, 2500, 2500.00, 0.00, 125.00, 0.00, 0.00, 0.00),
(4, 1, 320.00, 2580, 0.00, 0.00, 129.00, 100.00, 3000.00, 0.00),
(4, 2, 0.00, 2580, 0.00, 0.00, 129.00, 0.00, 2580.00, 0.00),
(4, 3, 0.00, 2580, 0.00, 0.00, 129.00, 0.00, 2580.00, 0.00),
(4, 4, 0.00, 2580, 0.00, 0.00, 129.00, 0.00, 2580.00, 0.00),
(4, 5, 0.00, 2580, 0.00, 0.00, 129.00, 0.00, 2580.00, 0.00),
(4, 6, 0.00, 2580, 0.00, 0.00, 129.00, 0.00, 2580.00, 0.00),
(4, 7, 0.00, 2580, 0.00, 0.00, 129.00, 0.00, 2580.00, 0.00),
(4, 8, 0.00, 2580, 0.00, 0.00, 129.00, 0.00, 2580.00, 0.00),
(4, 9, 0.00, 2580, 0.00, 0.00, 129.00, 0.00, 2580.00, 0.00),
(4, 10, 0.00, 2580, 0.00, 0.00, 129.00, 0.00, 2580.00, 0.00),
(4, 11, 0.00, 2580, 0.00, 0.00, 129.00, 0.00, 2580.00, 0.00),
(4, 12, 0.00, 2580, 0.00, 0.00, 129.00, 0.00, 2580.00, 0.00),
(5, 1, 0.00, 1000, 0.00, 0.00, 50.00, 0.00, 1000.00, 0.00),
(5, 2, 0.00, 1000, 1000.00, 0.00, 50.00, 0.00, 0.00, 0.00),
(5, 3, 0.00, 1000, 1000.00, 0.00, 50.00, 0.00, 0.00, 0.00),
(5, 4, 0.00, 1000, 1000.00, 0.00, 50.00, 0.00, 0.00, 0.00),
(5, 5, 0.00, 1000, 1000.00, 0.00, 50.00, 0.00, 0.00, 0.00),
(5, 6, 0.00, 1000, 1000.00, 0.00, 50.00, 0.00, 0.00, 0.00),
(5, 7, 0.00, 1000, 1000.00, 0.00, 50.00, 0.00, 0.00, 0.00),
(5, 8, 0.00, 1000, 1000.00, 0.00, 50.00, 0.00, 0.00, 0.00),
(5, 9, 0.00, 1000, 1000.00, 0.00, 50.00, 0.00, 0.00, 0.00),
(5, 10, 0.00, 1000, 1000.00, 0.00, 50.00, 0.00, 0.00, 0.00),
(5, 11, 0.00, 1000, 1000.00, 0.00, 50.00, 0.00, 0.00, 0.00),
(5, 12, 0.00, 1000, 1000.00, 0.00, 50.00, 0.00, 0.00, 0.00),
(6, 1, 1459.00, 1000, 1459.00, 0.00, 50.00, 250.00, 1250.00, 0.00),
(6, 2, 0.00, 1000, 0.00, 0.00, 50.00, 250.00, 1250.00, 0.00),
(6, 3, 0.00, 1000, 0.00, 0.00, 50.00, 0.00, 1000.00, 0.00),
(6, 4, 0.00, 1000, -5000.00, 0.00, 50.00, 0.00, 6000.00, 0.00),
(6, 5, 0.00, 1000, 0.00, 0.00, 50.00, 0.00, 1000.00, 0.00),
(6, 6, 0.00, 1000, 0.00, 0.00, 50.00, 0.00, 1000.00, 0.00),
(6, 7, 0.00, 1000, 0.00, 0.00, 50.00, 0.00, 1000.00, 0.00),
(6, 8, 0.00, 1000, 0.00, 0.00, 50.00, 0.00, 1000.00, 0.00),
(6, 9, 0.00, 1000, 0.00, 0.00, 50.00, 0.00, 1000.00, 0.00),
(6, 10, 0.00, 1000, 0.00, 0.00, 50.00, 0.00, 1000.00, 0.00),
(6, 11, 0.00, 1000, 0.00, 0.00, 50.00, 0.00, 1000.00, 0.00),
(6, 12, 0.00, 1000, 1000.00, 0.00, 50.00, 0.00, 0.00, 0.00),
(7, 1, 350.00, 2300, 0.00, 144.90, 115.00, 500.00, 3144.90, 150.00),
(7, 2, 2125.00, 2300, 0.00, 0.00, 115.00, 0.00, 4000.00, 425.00),
(7, 3, 0.00, 2300, 0.00, 0.00, 115.00, 0.00, 2300.00, 0.00),
(7, 4, 0.00, 2300, 0.00, 0.00, 115.00, 0.00, 2300.00, 0.00),
(7, 5, 0.00, 2300, 2300.00, 0.00, 115.00, 0.00, 0.00, 0.00),
(7, 6, 0.00, 2300, 2300.00, 0.00, 115.00, 0.00, 0.00, 0.00),
(7, 7, 0.00, 2300, 2300.00, 0.00, 115.00, 0.00, 0.00, 0.00),
(7, 8, 0.00, 2300, 2300.00, 0.00, 115.00, 0.00, 0.00, 0.00),
(7, 9, 0.00, 2300, 2300.00, 0.00, 115.00, 0.00, 0.00, 0.00),
(7, 10, 0.00, 2300, 2300.00, 0.00, 115.00, 0.00, 0.00, 0.00),
(7, 11, 0.00, 2300, 2300.00, 0.00, 115.00, 0.00, 0.00, 0.00),
(7, 12, 0.00, 2300, 2300.00, 0.00, 115.00, 0.00, 0.00, 0.00),
(8, 1, 1805.00, 1500, 0.00, 0.00, 75.00, 100.00, 3405.00, 0.00),
(8, 2, 0.00, 1500, 0.00, 0.00, 75.00, 0.00, 1500.00, 0.00),
(8, 3, 0.00, 1500, 0.00, 0.00, 75.00, 0.00, 1500.00, 0.00),
(8, 4, 0.00, 1500, 0.00, 0.00, 75.00, 0.00, 1500.00, 0.00),
(8, 5, 0.00, 1500, 1500.00, 0.00, 75.00, 0.00, 0.00, 0.00),
(8, 6, 0.00, 1500, 1500.00, 0.00, 75.00, 0.00, 0.00, 0.00),
(8, 7, 0.00, 2500, 2500.00, 0.00, 125.00, 0.00, 0.00, 0.00),
(8, 8, 0.00, 2500, 2500.00, 0.00, 125.00, 0.00, 0.00, 0.00),
(8, 9, 0.00, 2500, 2500.00, 0.00, 125.00, 0.00, 0.00, 0.00),
(8, 10, 0.00, 2500, 2500.00, 0.00, 125.00, 0.00, 0.00, 0.00),
(8, 11, 0.00, 2500, 2500.00, 0.00, 125.00, 0.00, 0.00, 0.00),
(8, 12, 0.00, 2500, 2500.00, 0.00, 125.00, 0.00, 0.00, 0.00),
(9, 1, 0.00, 1500, 1500.00, 0.00, 75.00, 0.00, 0.00, 0.00),
(9, 2, 0.00, 1500, 1500.00, 0.00, 75.00, 0.00, 0.00, 0.00),
(9, 3, 0.00, 1500, 1500.00, 0.00, 75.00, 0.00, 0.00, 0.00),
(9, 4, 0.00, 1500, 1500.00, 0.00, 75.00, 0.00, 0.00, 0.00),
(9, 5, 0.00, 1500, 1500.00, 0.00, 75.00, 0.00, 0.00, 0.00),
(9, 6, 0.00, 1500, 1500.00, 0.00, 75.00, 0.00, 0.00, 0.00),
(9, 7, 0.00, 1500, 1500.00, 0.00, 75.00, 0.00, 0.00, 0.00),
(9, 8, 0.00, 1500, 1500.00, 0.00, 75.00, 0.00, 0.00, 0.00),
(9, 9, 0.00, 1500, 1500.00, 0.00, 75.00, 0.00, 0.00, 0.00),
(9, 10, 0.00, 1500, 1500.00, 0.00, 75.00, 0.00, 0.00, 0.00),
(9, 11, 0.00, 1500, 1500.00, 0.00, 75.00, 0.00, 0.00, 0.00),
(9, 12, 0.00, 1500, 1500.00, 0.00, 75.00, 0.00, 0.00, 0.00),
(10, 1, 100.00, 1200, 0.00, 0.00, 60.00, 100.00, 1400.00, 0.00),
(10, 2, 0.00, 1200, 200.00, 0.00, 60.00, 0.00, 1000.00, 0.00),
(10, 3, 0.00, 1200, 1200.00, 0.00, 60.00, 0.00, 0.00, 0.00),
(10, 4, 0.00, 1200, 1200.00, 0.00, 60.00, 0.00, 0.00, 0.00),
(10, 5, 0.00, 1200, 1200.00, 0.00, 60.00, 0.00, 0.00, 0.00),
(10, 6, 0.00, 1200, 1200.00, 0.00, 60.00, 0.00, 0.00, 0.00),
(10, 7, 0.00, 1200, 1200.00, 0.00, 60.00, 0.00, 0.00, 0.00),
(10, 8, 0.00, 1200, 1200.00, 0.00, 60.00, 0.00, 0.00, 0.00),
(10, 9, 0.00, 1200, 1200.00, 0.00, 60.00, 0.00, 0.00, 0.00),
(10, 10, 0.00, 1200, 1200.00, 0.00, 60.00, 0.00, 0.00, 0.00),
(10, 11, 0.00, 1200, 1200.00, 0.00, 60.00, 0.00, 0.00, 0.00),
(10, 12, 0.00, 1200, 1200.00, 0.00, 60.00, 0.00, 0.00, 0.00),
(11, 1, 0.00, 5000, 0.00, 0.00, 250.00, 0.00, 4850.00, 150.00),
(11, 2, 2974.00, 5000, -150.00, 0.00, 250.00, 0.00, 8124.00, 0.00),
(11, 3, 0.00, 5000, 5000.00, 0.00, 250.00, 0.00, 0.00, 0.00),
(11, 4, 0.00, 5000, 5000.00, 0.00, 250.00, 0.00, 0.00, 0.00),
(11, 5, 0.00, 5000, 5000.00, 0.00, 250.00, 0.00, 0.00, 0.00),
(11, 6, 0.00, 5000, 5000.00, 0.00, 250.00, 0.00, 0.00, 0.00),
(11, 7, 0.00, 5000, 5000.00, 0.00, 250.00, 0.00, 0.00, 0.00),
(11, 8, 0.00, 5000, 5000.00, 0.00, 250.00, 0.00, 0.00, 0.00),
(11, 9, 0.00, 5000, 5000.00, 0.00, 250.00, 0.00, 0.00, 0.00),
(11, 10, 0.00, 5000, 5000.00, 0.00, 250.00, 0.00, 0.00, 0.00),
(11, 11, 0.00, 5000, 5000.00, 0.00, 250.00, 0.00, 0.00, 0.00),
(11, 12, 0.00, 5000, 5000.00, 0.00, 250.00, 0.00, 0.00, 0.00),
(12, 1, 0.00, 3500, 0.00, 220.50, 175.00, 0.00, 3720.50, 0.00),
(12, 2, 0.00, 3500, 3500.00, 0.00, 175.00, 0.00, 0.00, 0.00),
(12, 3, 0.00, 3500, 3500.00, 0.00, 175.00, 0.00, 0.00, 0.00),
(12, 4, 0.00, 3500, 3500.00, 0.00, 175.00, 0.00, 0.00, 0.00),
(12, 5, 0.00, 3500, 3500.00, 0.00, 175.00, 0.00, 0.00, 0.00),
(12, 6, 0.00, 3500, 3500.00, 0.00, 175.00, 0.00, 0.00, 0.00),
(12, 7, 0.00, 3500, 3500.00, 0.00, 175.00, 0.00, 0.00, 0.00),
(12, 8, 0.00, 3500, 3500.00, 0.00, 175.00, 0.00, 0.00, 0.00),
(12, 9, 0.00, 3500, 3500.00, 0.00, 175.00, 0.00, 0.00, 0.00),
(12, 10, 0.00, 3500, 3500.00, 0.00, 175.00, 0.00, 0.00, 0.00),
(12, 11, 0.00, 3500, 3500.00, 0.00, 175.00, 0.00, 0.00, 0.00),
(12, 12, 0.00, 3500, 3500.00, 0.00, 175.00, 0.00, 0.00, 0.00),
(14, 1, 0.00, 3500, 4166.67, 0.00, 175.00, 666.67, 0.00, 0.00),
(14, 2, 0.00, 3500, 4166.67, 0.00, 175.00, 666.67, 0.00, 0.00),
(14, 3, 0.00, 3500, 4166.67, 0.00, 175.00, 666.67, 0.00, 0.00),
(14, 4, 0.00, 3500, 3500.00, 0.00, 175.00, 0.00, 0.00, 0.00),
(14, 5, 0.00, 3500, 3500.00, 0.00, 175.00, 0.00, 0.00, 0.00),
(14, 6, 0.00, 3500, 3500.00, 0.00, 175.00, 0.00, 0.00, 0.00),
(14, 7, 0.00, 3500, 3500.00, 0.00, 175.00, 0.00, 0.00, 0.00),
(14, 8, 0.00, 3500, 3500.00, 0.00, 175.00, 0.00, 0.00, 0.00),
(14, 9, 0.00, 3500, 3500.00, 0.00, 175.00, 0.00, 0.00, 0.00),
(14, 10, 0.00, 3500, 3500.00, 0.00, 175.00, 0.00, 0.00, 0.00),
(14, 11, 0.00, 3500, 3500.00, 0.00, 175.00, 0.00, 0.00, 0.00),
(14, 12, 0.00, 3500, 3500.00, 0.00, 175.00, 0.00, 0.00, 0.00),
(14, 13, 0.00, 4200, 4200.00, 0.00, 210.00, 0.00, 0.00, 0.00),
(14, 14, 0.00, 4200, 4200.00, 0.00, 210.00, 0.00, 0.00, 0.00),
(14, 15, 0.00, 4200, 4200.00, 0.00, 210.00, 0.00, 0.00, 0.00),
(14, 16, 0.00, 4200, 4200.00, 0.00, 210.00, 0.00, 0.00, 0.00),
(14, 17, 0.00, 4200, 4200.00, 0.00, 210.00, 0.00, 0.00, 0.00),
(14, 18, 0.00, 4200, 4200.00, 0.00, 210.00, 0.00, 0.00, 0.00),
(14, 19, 0.00, 4200, 4200.00, 0.00, 210.00, 0.00, 0.00, 0.00),
(14, 20, 0.00, 4200, 4200.00, 0.00, 210.00, 0.00, 0.00, 0.00),
(14, 21, 0.00, 4200, 4200.00, 0.00, 210.00, 0.00, 0.00, 0.00),
(14, 22, 0.00, 4200, 4200.00, 0.00, 210.00, 0.00, 0.00, 0.00),
(14, 23, 0.00, 4200, 4200.00, 0.00, 210.00, 0.00, 0.00, 0.00),
(14, 24, 0.00, 4200, 4200.00, 0.00, 210.00, 0.00, 0.00, 0.00),
(15, 1, 0.00, 1200, 1600.00, 0.00, 60.00, 400.00, 0.00, 0.00),
(15, 2, 0.00, 1200, 1600.00, 0.00, 60.00, 400.00, 0.00, 0.00),
(15, 3, 0.00, 1200, 1200.00, 0.00, 60.00, 0.00, 0.00, 0.00),
(15, 4, 0.00, 1200, 1200.00, 0.00, 60.00, 0.00, 0.00, 0.00),
(15, 5, 0.00, 1200, 1200.00, 0.00, 60.00, 0.00, 0.00, 0.00),
(15, 6, 0.00, 1200, 1200.00, 0.00, 60.00, 0.00, 0.00, 0.00),
(15, 7, 0.00, 1200, 1200.00, 0.00, 60.00, 0.00, 0.00, 0.00),
(15, 8, 0.00, 1200, 1200.00, 0.00, 60.00, 0.00, 0.00, 0.00),
(15, 9, 0.00, 1200, 1200.00, 0.00, 60.00, 0.00, 0.00, 0.00),
(15, 10, 0.00, 1200, 1200.00, 0.00, 60.00, 0.00, 0.00, 0.00),
(15, 11, 0.00, 1200, 1200.00, 0.00, 60.00, 0.00, 0.00, 0.00),
(15, 12, 0.00, 1200, 1200.00, 0.00, 60.00, 0.00, 0.00, 0.00),
(15, 13, 0.00, 1500, 1500.00, 0.00, 75.00, 0.00, 0.00, 0.00),
(15, 14, 0.00, 1500, 1500.00, 0.00, 75.00, 0.00, 0.00, 0.00),
(15, 15, 0.00, 1500, 1500.00, 0.00, 75.00, 0.00, 0.00, 0.00),
(15, 16, 0.00, 1500, 1500.00, 0.00, 75.00, 0.00, 0.00, 0.00),
(15, 17, 0.00, 1500, 1500.00, 0.00, 75.00, 0.00, 0.00, 0.00),
(15, 18, 0.00, 1500, 1500.00, 0.00, 75.00, 0.00, 0.00, 0.00),
(15, 19, 0.00, 1500, 1500.00, 0.00, 75.00, 0.00, 0.00, 0.00),
(15, 20, 0.00, 1500, 1500.00, 0.00, 75.00, 0.00, 0.00, 0.00),
(15, 21, 0.00, 1500, 1500.00, 0.00, 75.00, 0.00, 0.00, 0.00),
(15, 22, 0.00, 1500, 1500.00, 0.00, 75.00, 0.00, 0.00, 0.00),
(15, 23, 0.00, 1500, 1500.00, 0.00, 75.00, 0.00, 0.00, 0.00),
(15, 24, 0.00, 1500, 1500.00, 0.00, 75.00, 0.00, 0.00, 0.00),
(15, 1, 0.00, 1200, 1600.00, 0.00, 60.00, 400.00, 0.00, 0.00),
(15, 2, 0.00, 1200, 1600.00, 0.00, 60.00, 400.00, 0.00, 0.00),
(15, 3, 0.00, 1200, 1200.00, 0.00, 60.00, 0.00, 0.00, 0.00),
(15, 4, 0.00, 1200, 1200.00, 0.00, 60.00, 0.00, 0.00, 0.00),
(15, 5, 0.00, 1200, 1200.00, 0.00, 60.00, 0.00, 0.00, 0.00),
(15, 6, 0.00, 1200, 1200.00, 0.00, 60.00, 0.00, 0.00, 0.00),
(15, 7, 0.00, 1200, 1200.00, 0.00, 60.00, 0.00, 0.00, 0.00),
(15, 8, 0.00, 1200, 1200.00, 0.00, 60.00, 0.00, 0.00, 0.00),
(15, 9, 0.00, 1200, 1200.00, 0.00, 60.00, 0.00, 0.00, 0.00),
(15, 10, 0.00, 1200, 1200.00, 0.00, 60.00, 0.00, 0.00, 0.00),
(15, 11, 0.00, 1200, 1200.00, 0.00, 60.00, 0.00, 0.00, 0.00),
(15, 12, 0.00, 1200, 1200.00, 0.00, 60.00, 0.00, 0.00, 0.00),
(15, 13, 0.00, 1500, 1500.00, 0.00, 75.00, 0.00, 0.00, 0.00),
(15, 14, 0.00, 1500, 1500.00, 0.00, 75.00, 0.00, 0.00, 0.00),
(15, 15, 0.00, 1500, 1500.00, 0.00, 75.00, 0.00, 0.00, 0.00),
(15, 16, 0.00, 1500, 1500.00, 0.00, 75.00, 0.00, 0.00, 0.00),
(15, 17, 0.00, 1500, 1500.00, 0.00, 75.00, 0.00, 0.00, 0.00),
(15, 18, 0.00, 1500, 1500.00, 0.00, 75.00, 0.00, 0.00, 0.00),
(15, 19, 0.00, 1500, 1500.00, 0.00, 75.00, 0.00, 0.00, 0.00),
(15, 20, 0.00, 1500, 1500.00, 0.00, 75.00, 0.00, 0.00, 0.00),
(15, 21, 0.00, 1500, 1500.00, 0.00, 75.00, 0.00, 0.00, 0.00),
(15, 22, 0.00, 1500, 1500.00, 0.00, 75.00, 0.00, 0.00, 0.00),
(15, 23, 0.00, 1500, 1500.00, 0.00, 75.00, 0.00, 0.00, 0.00),
(15, 24, 0.00, 1500, 1500.00, 0.00, 75.00, 0.00, 0.00, 0.00),
(16, 1, 0.00, 800, 900.00, 0.00, 40.00, 100.00, 0.00, 0.00),
(16, 2, 0.00, 800, 900.00, 0.00, 40.00, 100.00, 0.00, 0.00),
(16, 3, 0.00, 800, 800.00, 0.00, 40.00, 0.00, 0.00, 0.00),
(16, 4, 0.00, 800, 800.00, 0.00, 40.00, 0.00, 0.00, 0.00),
(16, 5, 0.00, 800, 800.00, 0.00, 40.00, 0.00, 0.00, 0.00),
(16, 6, 0.00, 800, 800.00, 0.00, 40.00, 0.00, 0.00, 0.00),
(16, 7, 0.00, 800, 800.00, 0.00, 40.00, 0.00, 0.00, 0.00),
(16, 8, 0.00, 800, 800.00, 0.00, 40.00, 0.00, 0.00, 0.00),
(16, 9, 0.00, 800, 800.00, 0.00, 40.00, 0.00, 0.00, 0.00),
(16, 10, 0.00, 800, 800.00, 0.00, 40.00, 0.00, 0.00, 0.00),
(16, 11, 0.00, 800, 800.00, 0.00, 40.00, 0.00, 0.00, 0.00),
(16, 12, 0.00, 800, 800.00, 0.00, 40.00, 0.00, 0.00, 0.00),
(16, 13, 0.00, 1000, 1000.00, 0.00, 50.00, 0.00, 0.00, 0.00),
(16, 14, 0.00, 1000, 1000.00, 0.00, 50.00, 0.00, 0.00, 0.00),
(16, 15, 0.00, 1000, 1000.00, 0.00, 50.00, 0.00, 0.00, 0.00),
(16, 16, 0.00, 1000, 1000.00, 0.00, 50.00, 0.00, 0.00, 0.00),
(16, 17, 0.00, 1000, 1000.00, 0.00, 50.00, 0.00, 0.00, 0.00),
(16, 18, 0.00, 1000, 1000.00, 0.00, 50.00, 0.00, 0.00, 0.00),
(16, 19, 0.00, 1000, 1000.00, 0.00, 50.00, 0.00, 0.00, 0.00),
(16, 20, 0.00, 1000, 1000.00, 0.00, 50.00, 0.00, 0.00, 0.00),
(16, 21, 0.00, 1000, 1000.00, 0.00, 50.00, 0.00, 0.00, 0.00),
(16, 22, 0.00, 1000, 1000.00, 0.00, 50.00, 0.00, 0.00, 0.00),
(16, 23, 0.00, 1000, 1000.00, 0.00, 50.00, 0.00, 0.00, 0.00),
(16, 24, 0.00, 1000, 1000.00, 0.00, 50.00, 0.00, 0.00, 0.00),
(17, 1, 0.00, 1222, 0.00, 0.00, 61.10, 0.00, 1222.00, 0.00),
(17, 2, 150.00, 1222, 1372.00, 0.00, 61.10, 0.00, 0.00, 0.00),
(17, 3, 0.00, 1222, 1222.00, 0.00, 61.10, 0.00, 0.00, 0.00),
(17, 4, 0.00, 1222, 1222.00, 0.00, 61.10, 0.00, 0.00, 0.00),
(17, 5, 0.00, 1222, 1222.00, 0.00, 61.10, 0.00, 0.00, 0.00),
(17, 6, 0.00, 1222, 1222.00, 0.00, 61.10, 0.00, 0.00, 0.00),
(17, 7, 0.00, 1222, 1222.00, 0.00, 61.10, 0.00, 0.00, 0.00),
(17, 8, 0.00, 1222, 1222.00, 0.00, 61.10, 0.00, 0.00, 0.00),
(17, 9, 0.00, 1222, 1222.00, 0.00, 61.10, 0.00, 0.00, 0.00),
(17, 10, 0.00, 1222, 1222.00, 0.00, 61.10, 0.00, 0.00, 0.00),
(17, 11, 0.00, 1222, 1222.00, 0.00, 61.10, 0.00, 0.00, 0.00),
(17, 12, 0.00, 1222, 1222.00, 0.00, 61.10, 0.00, 0.00, 0.00),
(17, 13, 0.00, 1500, 1500.00, 0.00, 75.00, 0.00, 0.00, 0.00),
(17, 14, 0.00, 1500, 1500.00, 0.00, 75.00, 0.00, 0.00, 0.00),
(17, 15, 0.00, 1500, 1500.00, 0.00, 75.00, 0.00, 0.00, 0.00),
(17, 16, 0.00, 1500, 1500.00, 0.00, 75.00, 0.00, 0.00, 0.00),
(17, 17, 0.00, 1500, 1500.00, 0.00, 75.00, 0.00, 0.00, 0.00),
(17, 18, 0.00, 1500, 1500.00, 0.00, 75.00, 0.00, 0.00, 0.00),
(17, 19, 0.00, 1500, 1500.00, 0.00, 75.00, 0.00, 0.00, 0.00),
(17, 20, 0.00, 1500, 1500.00, 0.00, 75.00, 0.00, 0.00, 0.00),
(17, 21, 0.00, 1500, 1500.00, 0.00, 75.00, 0.00, 0.00, 0.00),
(17, 22, 0.00, 1500, 1500.00, 0.00, 75.00, 0.00, 0.00, 0.00),
(17, 23, 0.00, 1500, 1500.00, 0.00, 75.00, 0.00, 0.00, 0.00),
(18, 1, 0.00, 6000, 0.00, 0.00, 300.00, 0.00, 6000.00, 0.00),
(18, 2, 0.00, 6000, 6000.00, 0.00, 300.00, 0.00, 0.00, 0.00),
(18, 3, 0.00, 6000, 6000.00, 0.00, 300.00, 0.00, 0.00, 0.00),
(18, 4, 0.00, 6000, 6000.00, 0.00, 300.00, 0.00, 0.00, 0.00),
(18, 5, 0.00, 6000, 6000.00, 0.00, 300.00, 0.00, 0.00, 0.00),
(18, 6, 0.00, 6000, 6000.00, 0.00, 300.00, 0.00, 0.00, 0.00),
(18, 7, 0.00, 6000, 6000.00, 0.00, 300.00, 0.00, 0.00, 0.00),
(18, 8, 0.00, 6000, 6000.00, 0.00, 300.00, 0.00, 0.00, 0.00),
(18, 9, 0.00, 6000, 6000.00, 0.00, 300.00, 0.00, 0.00, 0.00),
(18, 10, 0.00, 6000, 6000.00, 0.00, 300.00, 0.00, 0.00, 0.00),
(18, 11, 0.00, 6000, 6000.00, 0.00, 300.00, 0.00, 0.00, 0.00),
(18, 12, 0.00, 6000, 6000.00, 0.00, 300.00, 0.00, 0.00, 0.00),
(19, 1, 0.00, 1222, 0.00, 7.33, 61.10, 0.00, 1229.33, 0.00),
(19, 2, 0.00, 1222, 0.00, 0.00, 61.10, 0.00, 1222.00, 0.00),
(19, 3, 0.00, 1222, 1222.00, 0.00, 61.10, 0.00, 0.00, 0.00),
(19, 4, 0.00, 1222, 1222.00, 0.00, 61.10, 0.00, 0.00, 0.00),
(19, 5, 0.00, 1222, 1222.00, 0.00, 61.10, 0.00, 0.00, 0.00),
(19, 6, 0.00, 1222, 1222.00, 0.00, 61.10, 0.00, 0.00, 0.00),
(19, 7, 0.00, 1222, 1222.00, 0.00, 61.10, 0.00, 0.00, 0.00),
(19, 8, 0.00, 1222, 1222.00, 0.00, 61.10, 0.00, 0.00, 0.00),
(19, 9, 0.00, 1222, 1222.00, 0.00, 61.10, 0.00, 0.00, 0.00),
(19, 10, 0.00, 1222, 1222.00, 0.00, 61.10, 0.00, 0.00, 0.00),
(19, 11, 0.00, 1222, 1222.00, 0.00, 61.10, 0.00, 0.00, 0.00),
(19, 12, 0.00, 1222, 1222.00, 0.00, 61.10, 0.00, 0.00, 0.00),
(20, 1, 0.00, 1500, 0.00, 63.00, 75.00, 0.00, 1533.00, 30.00),
(20, 2, 0.00, 1500, 1500.00, 0.00, 75.00, 0.00, 0.00, 0.00),
(20, 3, 0.00, 1500, 1500.00, 0.00, 75.00, 0.00, 0.00, 0.00),
(20, 4, 0.00, 1500, 1500.00, 0.00, 75.00, 0.00, 0.00, 0.00),
(20, 5, 0.00, 1500, 1500.00, 0.00, 75.00, 0.00, 0.00, 0.00),
(20, 6, 0.00, 1500, 1500.00, 0.00, 75.00, 0.00, 0.00, 0.00),
(20, 7, 0.00, 1500, 1500.00, 0.00, 75.00, 0.00, 0.00, 0.00),
(20, 8, 0.00, 1500, 1500.00, 0.00, 75.00, 0.00, 0.00, 0.00),
(20, 9, 0.00, 1500, 1500.00, 0.00, 75.00, 0.00, 0.00, 0.00),
(20, 10, 0.00, 1500, 1500.00, 0.00, 75.00, 0.00, 0.00, 0.00),
(20, 11, 0.00, 1500, 1500.00, 0.00, 75.00, 0.00, 0.00, 0.00),
(20, 12, 0.00, 1500, 1500.00, 0.00, 75.00, 0.00, 0.00, 0.00),
(21, 1, 0.00, 1322, 1323.00, 0.00, 66.10, 1.00, 0.00, 0.00),
(21, 2, 0.00, 1322, 1322.00, 0.00, 66.10, 0.00, 0.00, 0.00),
(22, 1, 0.00, 4520, 0.00, 461.04, 226.00, 1.00, 4982.04, 0.00),
(22, 2, 0.00, 4520, 0.00, 54.24, 226.00, 1.00, 4575.24, 0.00),
(22, 3, 0.00, 4520, 4521.00, 0.00, 226.00, 1.00, 0.00, 0.00),
(22, 4, 0.00, 4520, 4521.00, 0.00, 226.00, 1.00, 0.00, 0.00),
(22, 5, 0.00, 4520, 4521.00, 0.00, 226.00, 1.00, 0.00, 0.00),
(22, 6, 0.00, 4520, 4520.00, 0.00, 226.00, 0.00, 0.00, 0.00),
(22, 7, 0.00, 4520, 4520.00, 0.00, 226.00, 0.00, 0.00, 0.00),
(22, 8, 0.00, 4520, 4520.00, 0.00, 226.00, 0.00, 0.00, 0.00),
(22, 9, 0.00, 4520, 4520.00, 0.00, 226.00, 0.00, 0.00, 0.00),
(22, 10, 0.00, 4520, 4520.00, 0.00, 226.00, 0.00, 0.00, 0.00),
(22, 11, 0.00, 4520, 4520.00, 0.00, 226.00, 0.00, 0.00, 0.00),
(22, 12, 0.00, 4520, 4520.00, 0.00, 226.00, 0.00, 0.00, 0.00),
(23, 1, 1500.00, 1500, 0.00, 0.00, 75.00, 500.00, 3500.00, 0.00),
(23, 2, 120.00, 1500, 1620.00, 0.00, 75.00, 0.00, 0.00, 0.00),
(23, 3, 0.00, 1500, 1500.00, 0.00, 75.00, 0.00, 0.00, 0.00),
(23, 4, 0.00, 1500, 1500.00, 0.00, 75.00, 0.00, 0.00, 0.00),
(23, 5, 0.00, 1500, 1500.00, 0.00, 75.00, 0.00, 0.00, 0.00),
(23, 6, 0.00, 1500, 1500.00, 0.00, 75.00, 0.00, 0.00, 0.00),
(23, 7, 0.00, 2000, 2000.00, 0.00, 100.00, 0.00, 0.00, 0.00),
(23, 8, 0.00, 2000, 2000.00, 0.00, 100.00, 0.00, 0.00, 0.00),
(23, 9, 0.00, 2000, 2000.00, 0.00, 100.00, 0.00, 0.00, 0.00),
(23, 10, 0.00, 2000, 2000.00, 0.00, 100.00, 0.00, 0.00, 0.00),
(23, 11, 0.00, 2000, 2000.00, 0.00, 100.00, 0.00, 0.00, 0.00),
(23, 12, 0.00, 2000, 2000.00, 0.00, 100.00, 0.00, 0.00, 0.00),
(24, 1, 0.00, 1000, 0.00, 0.00, 50.00, 1.00, 1001.00, 0.00),
(24, 2, 0.00, 1000, 1000.00, 0.00, 50.00, 0.00, 0.00, 0.00),
(24, 3, 0.00, 1000, 1000.00, 0.00, 50.00, 0.00, 0.00, 0.00),
(24, 4, 0.00, 1500, 1500.00, 0.00, 75.00, 0.00, 0.00, 0.00),
(24, 5, 0.00, 1500, 1500.00, 0.00, 75.00, 0.00, 0.00, 0.00),
(24, 6, 0.00, 1500, 1500.00, 0.00, 75.00, 0.00, 0.00, 0.00),
(24, 7, 0.00, 1500, 1500.00, 0.00, 75.00, 0.00, 0.00, 0.00),
(24, 8, 0.00, 1500, 1500.00, 0.00, 75.00, 0.00, 0.00, 0.00),
(24, 9, 0.00, 1500, 1500.00, 0.00, 75.00, 0.00, 0.00, 0.00),
(24, 10, 0.00, 1500, 1500.00, 0.00, 75.00, 0.00, 0.00, 0.00),
(24, 11, 0.00, 1500, 1500.00, 0.00, 75.00, 0.00, 0.00, 0.00),
(24, 12, 0.00, 1500, 1500.00, 0.00, 75.00, 0.00, 0.00, 0.00),
(25, 1, 0.00, 1500, 1501.00, 0.00, 75.00, 1.00, 0.00, 0.00),
(25, 2, 0.00, 1500, 1500.00, 0.00, 75.00, 0.00, 0.00, 0.00),
(25, 3, 0.00, 1500, 1500.00, 0.00, 75.00, 0.00, 0.00, 0.00),
(25, 4, 0.00, 1500, 1500.00, 0.00, 75.00, 0.00, 0.00, 0.00),
(25, 5, 0.00, 1500, 1500.00, 0.00, 75.00, 0.00, 0.00, 0.00),
(25, 6, 0.00, 1500, 1500.00, 0.00, 75.00, 0.00, 0.00, 0.00),
(25, 7, 0.00, 1500, 1500.00, 0.00, 75.00, 0.00, 0.00, 0.00),
(25, 8, 0.00, 1500, 1500.00, 0.00, 75.00, 0.00, 0.00, 0.00),
(25, 9, 0.00, 1500, 1500.00, 0.00, 75.00, 0.00, 0.00, 0.00),
(25, 10, 0.00, 1500, 1500.00, 0.00, 75.00, 0.00, 0.00, 0.00),
(25, 11, 0.00, 1500, 1500.00, 0.00, 75.00, 0.00, 0.00, 0.00),
(25, 12, 0.00, 1500, 1500.00, 0.00, 75.00, 0.00, 0.00, 0.00),
(26, 1, 0.00, 2000, 2001.00, 0.00, 100.00, 1.00, 0.00, 0.00),
(26, 2, 0.00, 2000, 2000.00, 0.00, 100.00, 0.00, 0.00, 0.00),
(26, 3, 0.00, 2000, 2000.00, 0.00, 100.00, 0.00, 0.00, 0.00),
(26, 4, 0.00, 2000, 2000.00, 0.00, 100.00, 0.00, 0.00, 0.00),
(26, 5, 0.00, 2000, 2000.00, 0.00, 100.00, 0.00, 0.00, 0.00),
(26, 6, 0.00, 2000, 2000.00, 0.00, 100.00, 0.00, 0.00, 0.00),
(26, 7, 0.00, 2000, 2000.00, 0.00, 100.00, 0.00, 0.00, 0.00),
(26, 8, 0.00, 2000, 2000.00, 0.00, 100.00, 0.00, 0.00, 0.00),
(26, 9, 0.00, 2000, 2000.00, 0.00, 100.00, 0.00, 0.00, 0.00),
(26, 10, 0.00, 2000, 2000.00, 0.00, 100.00, 0.00, 0.00, 0.00),
(26, 11, 0.00, 2000, 2000.00, 0.00, 100.00, 0.00, 0.00, 0.00),
(26, 12, 0.00, 2000, 2000.00, 0.00, 100.00, 0.00, 0.00, 0.00),
(27, 1, 0.00, 2000, 2001.00, 0.00, 100.00, 1.00, 0.00, 0.00),
(27, 2, 0.00, 2000, 2000.00, 0.00, 100.00, 0.00, 0.00, 0.00),
(27, 3, 0.00, 2000, 2000.00, 0.00, 100.00, 0.00, 0.00, 0.00),
(27, 4, 0.00, 2000, 2000.00, 0.00, 100.00, 0.00, 0.00, 0.00),
(27, 5, 0.00, 2000, 2000.00, 0.00, 100.00, 0.00, 0.00, 0.00),
(27, 6, 0.00, 2000, 2000.00, 0.00, 100.00, 0.00, 0.00, 0.00),
(27, 7, 0.00, 2000, 2000.00, 0.00, 100.00, 0.00, 0.00, 0.00),
(27, 8, 0.00, 2000, 2000.00, 0.00, 100.00, 0.00, 0.00, 0.00),
(27, 9, 0.00, 2000, 2000.00, 0.00, 100.00, 0.00, 0.00, 0.00),
(27, 10, 0.00, 2000, 2000.00, 0.00, 100.00, 0.00, 0.00, 0.00),
(27, 11, 0.00, 2000, 2000.00, 0.00, 100.00, 0.00, 0.00, 0.00),
(27, 12, 0.00, 2000, 2000.00, 0.00, 100.00, 0.00, 0.00, 0.00),
(28, 1, 0.00, 2000, 2001.00, 0.00, 100.00, 1.00, 0.00, 0.00),
(28, 2, 0.00, 2000, 2000.00, 0.00, 100.00, 0.00, 0.00, 0.00),
(28, 3, 0.00, 2000, 2000.00, 0.00, 100.00, 0.00, 0.00, 0.00),
(28, 4, 0.00, 2000, 2000.00, 0.00, 100.00, 0.00, 0.00, 0.00),
(28, 5, 0.00, 2000, 2000.00, 0.00, 100.00, 0.00, 0.00, 0.00),
(28, 6, 0.00, 2000, 2000.00, 0.00, 100.00, 0.00, 0.00, 0.00),
(28, 7, 0.00, 2000, 2000.00, 0.00, 100.00, 0.00, 0.00, 0.00),
(28, 8, 0.00, 2000, 2000.00, 0.00, 100.00, 0.00, 0.00, 0.00),
(28, 9, 0.00, 2000, 2000.00, 0.00, 100.00, 0.00, 0.00, 0.00),
(28, 10, 0.00, 2000, 2000.00, 0.00, 100.00, 0.00, 0.00, 0.00),
(28, 11, 0.00, 2000, 2000.00, 0.00, 100.00, 0.00, 0.00, 0.00),
(28, 12, 0.00, 2000, 2000.00, 0.00, 100.00, 0.00, 0.00, 0.00),
(29, 1, 0.00, 10000000, 10000001.00, 0.00, 500000.00, 1.00, 0.00, 0.00),
(29, 2, 0.00, 10000000, 10000000.00, 0.00, 500000.00, 0.00, 0.00, 0.00),
(29, 3, 0.00, 10000000, 10000000.00, 0.00, 500000.00, 0.00, 0.00, 0.00),
(29, 4, 0.00, 10000000, 10000000.00, 0.00, 500000.00, 0.00, 0.00, 0.00),
(29, 5, 0.00, 10000000, 10000000.00, 0.00, 500000.00, 0.00, 0.00, 0.00),
(29, 6, 0.00, 10000000, 10000000.00, 0.00, 500000.00, 0.00, 0.00, 0.00),
(29, 7, 0.00, 10000000, 10000000.00, 0.00, 500000.00, 0.00, 0.00, 0.00),
(29, 8, 0.00, 10000000, 10000000.00, 0.00, 500000.00, 0.00, 0.00, 0.00),
(29, 9, 0.00, 10000000, 10000000.00, 0.00, 500000.00, 0.00, 0.00, 0.00),
(29, 10, 0.00, 10000000, 10000000.00, 0.00, 500000.00, 0.00, 0.00, 0.00),
(29, 11, 0.00, 10000000, 10000000.00, 0.00, 500000.00, 0.00, 0.00, 0.00),
(29, 12, 0.00, 10000000, 10000000.00, 0.00, 500000.00, 0.00, 0.00, 0.00),
(30, 1, 0.00, 5000, 5001.00, 0.00, 250.00, 1.00, 0.00, 0.00),
(30, 2, 0.00, 5000, 5000.00, 0.00, 250.00, 0.00, 0.00, 0.00),
(30, 3, 0.00, 5000, 5000.00, 0.00, 250.00, 0.00, 0.00, 0.00),
(30, 4, 0.00, 5000, 5000.00, 0.00, 250.00, 0.00, 0.00, 0.00),
(30, 5, 0.00, 5000, 5000.00, 0.00, 250.00, 0.00, 0.00, 0.00),
(30, 6, 0.00, 5000, 5000.00, 0.00, 250.00, 0.00, 0.00, 0.00),
(30, 7, 0.00, 5000, 5000.00, 0.00, 250.00, 0.00, 0.00, 0.00),
(30, 8, 0.00, 5000, 5000.00, 0.00, 250.00, 0.00, 0.00, 0.00),
(30, 9, 0.00, 5000, 5000.00, 0.00, 250.00, 0.00, 0.00, 0.00),
(30, 10, 0.00, 5000, 5000.00, 0.00, 250.00, 0.00, 0.00, 0.00),
(30, 11, 0.00, 5000, 5000.00, 0.00, 250.00, 0.00, 0.00, 0.00),
(30, 12, 0.00, 5000, 5000.00, 0.00, 250.00, 0.00, 0.00, 0.00),
(31, 1, 0.00, 5000, 5001.00, 0.00, 250.00, 1.00, 0.00, 0.00),
(31, 2, 0.00, 5000, 5000.00, 0.00, 250.00, 0.00, 0.00, 0.00),
(31, 3, 0.00, 5000, 5000.00, 0.00, 250.00, 0.00, 0.00, 0.00),
(31, 4, 0.00, 5000, 5000.00, 0.00, 250.00, 0.00, 0.00, 0.00),
(31, 5, 0.00, 5000, 5000.00, 0.00, 250.00, 0.00, 0.00, 0.00),
(31, 6, 0.00, 5000, 5000.00, 0.00, 250.00, 0.00, 0.00, 0.00),
(31, 7, 0.00, 5000, 5000.00, 0.00, 250.00, 0.00, 0.00, 0.00),
(31, 8, 0.00, 5000, 5000.00, 0.00, 250.00, 0.00, 0.00, 0.00),
(31, 9, 0.00, 5000, 5000.00, 0.00, 250.00, 0.00, 0.00, 0.00),
(31, 10, 0.00, 5000, 5000.00, 0.00, 250.00, 0.00, 0.00, 0.00),
(31, 11, 0.00, 5000, 5000.00, 0.00, 250.00, 0.00, 0.00, 0.00),
(31, 12, 0.00, 5000, 5000.00, 0.00, 250.00, 0.00, 0.00, 0.00),
(32, 1, 0.00, 4000, 4001.00, 0.00, 200.00, 1.00, 0.00, 0.00),
(32, 2, 0.00, 4000, 4000.00, 0.00, 200.00, 0.00, 0.00, 0.00),
(32, 3, 0.00, 4000, 4000.00, 0.00, 200.00, 0.00, 0.00, 0.00),
(32, 4, 0.00, 4000, 4000.00, 0.00, 200.00, 0.00, 0.00, 0.00),
(32, 5, 0.00, 4000, 4000.00, 0.00, 200.00, 0.00, 0.00, 0.00),
(32, 6, 0.00, 4000, 4000.00, 0.00, 200.00, 0.00, 0.00, 0.00),
(32, 7, 0.00, 4000, 4000.00, 0.00, 200.00, 0.00, 0.00, 0.00),
(32, 8, 0.00, 4000, 4000.00, 0.00, 200.00, 0.00, 0.00, 0.00),
(32, 9, 0.00, 4000, 4000.00, 0.00, 200.00, 0.00, 0.00, 0.00),
(32, 10, 0.00, 4000, 4000.00, 0.00, 200.00, 0.00, 0.00, 0.00),
(32, 11, 0.00, 4000, 4000.00, 0.00, 200.00, 0.00, 0.00, 0.00),
(32, 12, 0.00, 4000, 4000.00, 0.00, 200.00, 0.00, 0.00, 0.00),
(32, 13, 0.00, 5500, 5500.00, 0.00, 275.00, 0.00, 0.00, 0.00),
(32, 14, 0.00, 5500, 5500.00, 0.00, 275.00, 0.00, 0.00, 0.00),
(32, 15, 0.00, 5500, 5500.00, 0.00, 275.00, 0.00, 0.00, 0.00),
(32, 16, 0.00, 5500, 5500.00, 0.00, 275.00, 0.00, 0.00, 0.00),
(32, 17, 0.00, 5500, 5500.00, 0.00, 275.00, 0.00, 0.00, 0.00),
(32, 18, 0.00, 5500, 5500.00, 0.00, 275.00, 0.00, 0.00, 0.00),
(32, 19, 0.00, 5500, 5500.00, 0.00, 275.00, 0.00, 0.00, 0.00),
(32, 20, 0.00, 5500, 5500.00, 0.00, 275.00, 0.00, 0.00, 0.00),
(32, 21, 0.00, 5500, 5500.00, 0.00, 275.00, 0.00, 0.00, 0.00),
(32, 22, 0.00, 5500, 5500.00, 0.00, 275.00, 0.00, 0.00, 0.00),
(32, 23, 0.00, 5500, 5500.00, 0.00, 275.00, 0.00, 0.00, 0.00),
(32, 24, 0.00, 5500, 5500.00, 0.00, 275.00, 0.00, 0.00, 0.00),
(33, 1, 0.00, 5000, 0.00, 5280.00, 250.00, 1.00, 10281.00, 0.00),
(33, 2, 0.00, 5000, 5000.00, 0.00, 250.00, 0.00, 0.00, 0.00),
(33, 3, 0.00, 5000, 5000.00, 0.00, 250.00, 0.00, 0.00, 0.00),
(33, 4, 0.00, 5000, 5000.00, 0.00, 250.00, 0.00, 0.00, 0.00),
(33, 5, 0.00, 5000, 5000.00, 0.00, 250.00, 0.00, 0.00, 0.00),
(33, 6, 0.00, 5000, 5000.00, 0.00, 250.00, 0.00, 0.00, 0.00),
(33, 7, 0.00, 5000, 5000.00, 0.00, 250.00, 0.00, 0.00, 0.00),
(33, 8, 0.00, 5000, 5000.00, 0.00, 250.00, 0.00, 0.00, 0.00),
(33, 9, 0.00, 5000, 5000.00, 0.00, 250.00, 0.00, 0.00, 0.00),
(33, 10, 0.00, 5000, 5000.00, 0.00, 250.00, 0.00, 0.00, 0.00),
(33, 11, 0.00, 5000, 5000.00, 0.00, 250.00, 0.00, 0.00, 0.00),
(33, 12, 0.00, 5000, 5000.00, 0.00, 250.00, 0.00, 0.00, 0.00),
(34, 1, 0.00, 850, 851.00, 0.00, 42.50, 1.00, 0.00, 0.00),
(34, 2, 0.00, 850, 850.00, 0.00, 42.50, 0.00, 0.00, 0.00),
(34, 3, 0.00, 850, 850.00, 0.00, 42.50, 0.00, 0.00, 0.00),
(34, 4, 0.00, 850, 850.00, 0.00, 42.50, 0.00, 0.00, 0.00),
(34, 5, 0.00, 850, 850.00, 0.00, 42.50, 0.00, 0.00, 0.00),
(34, 6, 0.00, 850, 850.00, 0.00, 42.50, 0.00, 0.00, 0.00),
(34, 7, 0.00, 850, 850.00, 0.00, 42.50, 0.00, 0.00, 0.00),
(34, 8, 0.00, 850, 850.00, 0.00, 42.50, 0.00, 0.00, 0.00),
(34, 9, 0.00, 850, 850.00, 0.00, 42.50, 0.00, 0.00, 0.00),
(34, 10, 0.00, 850, 850.00, 0.00, 42.50, 0.00, 0.00, 0.00),
(34, 11, 0.00, 850, 850.00, 0.00, 42.50, 0.00, 0.00, 0.00),
(34, 12, 0.00, 850, 850.00, 0.00, 42.50, 0.00, 0.00, 0.00),
(35, 1, 0.00, 1500, 0.00, 0.00, 75.00, 0.00, 1500.00, 0.00),
(35, 2, 0.00, 1500, 1500.00, 0.00, 75.00, 0.00, 0.00, 0.00),
(35, 3, 0.00, 1500, 1500.00, 0.00, 75.00, 0.00, 0.00, 0.00),
(35, 4, 0.00, 1500, 1500.00, 0.00, 75.00, 0.00, 0.00, 0.00),
(35, 5, 0.00, 1500, 1500.00, 0.00, 75.00, 0.00, 0.00, 0.00),
(35, 6, 0.00, 1500, 1500.00, 0.00, 75.00, 0.00, 0.00, 0.00),
(35, 7, 0.00, 1500, 1500.00, 0.00, 75.00, 0.00, 0.00, 0.00),
(35, 8, 0.00, 1500, 1500.00, 0.00, 75.00, 0.00, 0.00, 0.00),
(35, 9, 0.00, 1500, 1500.00, 0.00, 75.00, 0.00, 0.00, 0.00),
(35, 10, 0.00, 1500, 1500.00, 0.00, 75.00, 0.00, 0.00, 0.00),
(35, 11, 0.00, 1500, 1500.00, 0.00, 75.00, 0.00, 0.00, 0.00),
(35, 12, 0.00, 1500, 1500.00, 0.00, 75.00, 0.00, 0.00, 0.00),
(36, 1, 0.00, 1600, 1601.00, 0.00, 80.00, 1.00, 0.00, 0.00),
(36, 2, 0.00, 1600, 1600.00, 0.00, 80.00, 0.00, 0.00, 0.00),
(36, 3, 0.00, 1600, 1600.00, 0.00, 80.00, 0.00, 0.00, 0.00),
(36, 4, 0.00, 1600, 1600.00, 0.00, 80.00, 0.00, 0.00, 0.00),
(36, 5, 0.00, 1600, 1600.00, 0.00, 80.00, 0.00, 0.00, 0.00),
(36, 6, 0.00, 1600, 1600.00, 0.00, 80.00, 0.00, 0.00, 0.00),
(36, 7, 0.00, 1600, 1600.00, 0.00, 80.00, 0.00, 0.00, 0.00),
(36, 8, 0.00, 1600, 1600.00, 0.00, 80.00, 0.00, 0.00, 0.00),
(36, 9, 0.00, 1600, 1600.00, 0.00, 80.00, 0.00, 0.00, 0.00),
(36, 10, 0.00, 1600, 1600.00, 0.00, 80.00, 0.00, 0.00, 0.00),
(36, 11, 0.00, 1600, 1600.00, 0.00, 80.00, 0.00, 0.00, 0.00),
(36, 12, 0.00, 1600, 1600.00, 0.00, 80.00, 0.00, 0.00, 0.00),
(37, 1, 0.00, 1500, 1501.00, 0.00, 75.00, 1.00, 0.00, 0.00),
(37, 2, 0.00, 1500, 1500.00, 0.00, 75.00, 0.00, 0.00, 0.00),
(37, 3, 0.00, 1500, 1500.00, 0.00, 75.00, 0.00, 0.00, 0.00),
(37, 4, 0.00, 1500, 1500.00, 0.00, 75.00, 0.00, 0.00, 0.00),
(37, 5, 0.00, 1500, 1500.00, 0.00, 75.00, 0.00, 0.00, 0.00),
(37, 6, 0.00, 1500, 1500.00, 0.00, 75.00, 0.00, 0.00, 0.00),
(37, 7, 0.00, 1500, 1500.00, 0.00, 75.00, 0.00, 0.00, 0.00),
(37, 8, 0.00, 1500, 1500.00, 0.00, 75.00, 0.00, 0.00, 0.00),
(37, 9, 0.00, 1500, 1500.00, 0.00, 75.00, 0.00, 0.00, 0.00),
(37, 10, 0.00, 1500, 1500.00, 0.00, 75.00, 0.00, 0.00, 0.00),
(37, 11, 0.00, 1500, 1500.00, 0.00, 75.00, 0.00, 0.00, 0.00),
(37, 12, 0.00, 1500, 1500.00, 0.00, 75.00, 0.00, 0.00, 0.00),
(38, 1, 0.00, 1500, 1501.00, 0.00, 75.00, 1.00, 0.00, 0.00),
(38, 2, 0.00, 1500, 1500.00, 0.00, 75.00, 0.00, 0.00, 0.00),
(38, 3, 0.00, 1500, 1500.00, 0.00, 75.00, 0.00, 0.00, 0.00),
(38, 4, 0.00, 1500, 1500.00, 0.00, 75.00, 0.00, 0.00, 0.00),
(38, 5, 0.00, 1500, 1500.00, 0.00, 75.00, 0.00, 0.00, 0.00),
(38, 6, 0.00, 1500, 1500.00, 0.00, 75.00, 0.00, 0.00, 0.00),
(38, 7, 0.00, 1500, 1500.00, 0.00, 75.00, 0.00, 0.00, 0.00),
(38, 8, 0.00, 1500, 1500.00, 0.00, 75.00, 0.00, 0.00, 0.00),
(38, 9, 0.00, 1500, 1500.00, 0.00, 75.00, 0.00, 0.00, 0.00),
(38, 10, 0.00, 1500, 1500.00, 0.00, 75.00, 0.00, 0.00, 0.00),
(38, 11, 0.00, 1500, 1500.00, 0.00, 75.00, 0.00, 0.00, 0.00),
(38, 12, 0.00, 1500, 1500.00, 0.00, 75.00, 0.00, 0.00, 0.00),
(39, 1, 0.00, 1500, 1501.00, 0.00, 75.00, 1.00, 0.00, 0.00),
(39, 2, 0.00, 1500, 1500.00, 0.00, 75.00, 0.00, 0.00, 0.00),
(39, 3, 0.00, 1500, 1500.00, 0.00, 75.00, 0.00, 0.00, 0.00),
(39, 4, 0.00, 1500, 1500.00, 0.00, 75.00, 0.00, 0.00, 0.00),
(39, 5, 0.00, 1500, 1500.00, 0.00, 75.00, 0.00, 0.00, 0.00),
(39, 6, 0.00, 1500, 1500.00, 0.00, 75.00, 0.00, 0.00, 0.00),
(39, 7, 0.00, 1500, 1500.00, 0.00, 75.00, 0.00, 0.00, 0.00),
(39, 8, 0.00, 1500, 1500.00, 0.00, 75.00, 0.00, 0.00, 0.00),
(39, 9, 0.00, 1500, 1500.00, 0.00, 75.00, 0.00, 0.00, 0.00),
(39, 10, 0.00, 1500, 1500.00, 0.00, 75.00, 0.00, 0.00, 0.00),
(39, 11, 0.00, 1500, 1500.00, 0.00, 75.00, 0.00, 0.00, 0.00),
(39, 12, 0.00, 1500, 1500.00, 0.00, 75.00, 0.00, 0.00, 0.00),
(40, 1, 0.00, 1500, 1501.00, 0.00, 75.00, 1.00, 0.00, 0.00),
(40, 2, 0.00, 1500, 1500.00, 0.00, 75.00, 0.00, 0.00, 0.00),
(40, 3, 0.00, 1500, 1500.00, 0.00, 75.00, 0.00, 0.00, 0.00),
(40, 4, 0.00, 1500, 1500.00, 0.00, 75.00, 0.00, 0.00, 0.00),
(40, 5, 0.00, 1500, 1500.00, 0.00, 75.00, 0.00, 0.00, 0.00),
(40, 6, 0.00, 1500, 1500.00, 0.00, 75.00, 0.00, 0.00, 0.00),
(40, 7, 0.00, 1500, 1500.00, 0.00, 75.00, 0.00, 0.00, 0.00),
(40, 8, 0.00, 1500, 1500.00, 0.00, 75.00, 0.00, 0.00, 0.00),
(40, 9, 0.00, 1500, 1500.00, 0.00, 75.00, 0.00, 0.00, 0.00),
(40, 10, 0.00, 1500, 1500.00, 0.00, 75.00, 0.00, 0.00, 0.00),
(40, 11, 0.00, 1500, 1500.00, 0.00, 75.00, 0.00, 0.00, 0.00),
(40, 12, 0.00, 1500, 1500.00, 0.00, 75.00, 0.00, 0.00, 0.00),
(42, 1, 0.00, 5000, 5001.00, 0.00, 250.00, 1.00, 0.00, 0.00),
(42, 2, 0.00, 5000, 5000.00, 0.00, 250.00, 0.00, 0.00, 0.00),
(42, 3, 0.00, 5000, 5000.00, 0.00, 250.00, 0.00, 0.00, 0.00),
(42, 4, 0.00, 5000, 5000.00, 0.00, 250.00, 0.00, 0.00, 0.00),
(42, 5, 0.00, 5000, 5000.00, 0.00, 250.00, 0.00, 0.00, 0.00),
(42, 6, 0.00, 5000, 5000.00, 0.00, 250.00, 0.00, 0.00, 0.00),
(42, 7, 0.00, 5000, 5000.00, 0.00, 250.00, 0.00, 0.00, 0.00),
(42, 8, 0.00, 5000, 5000.00, 0.00, 250.00, 0.00, 0.00, 0.00),
(42, 9, 0.00, 5000, 5000.00, 0.00, 250.00, 0.00, 0.00, 0.00),
(42, 10, 0.00, 5000, 5000.00, 0.00, 250.00, 0.00, 0.00, 0.00),
(42, 11, 0.00, 5000, 5000.00, 0.00, 250.00, 0.00, 0.00, 0.00),
(42, 12, 0.00, 5000, 5000.00, 0.00, 250.00, 0.00, 0.00, 0.00),
(43, 1, 0.00, 2300, 0.00, 4578060.30, 115.00, 1.00, 4580361.30, 0.00),
(43, 2, 0.00, 2300, 2300.00, 0.00, 115.00, 0.00, 0.00, 0.00),
(43, 3, 0.00, 2300, 2300.00, 0.00, 115.00, 0.00, 0.00, 0.00),
(43, 4, 0.00, 2300, 2300.00, 0.00, 115.00, 0.00, 0.00, 0.00),
(43, 5, 0.00, 2300, 2300.00, 0.00, 115.00, 0.00, 0.00, 0.00),
(43, 6, 0.00, 2300, 2300.00, 0.00, 115.00, 0.00, 0.00, 0.00),
(43, 7, 0.00, 2300, 2300.00, 0.00, 115.00, 0.00, 0.00, 0.00),
(43, 8, 0.00, 2300, 2300.00, 0.00, 115.00, 0.00, 0.00, 0.00),
(43, 9, 0.00, 2300, 2300.00, 0.00, 115.00, 0.00, 0.00, 0.00),
(43, 10, 0.00, 2300, 2300.00, 0.00, 115.00, 0.00, 0.00, 0.00),
(43, 11, 0.00, 2300, 2300.00, 0.00, 115.00, 0.00, 0.00, 0.00),
(43, 12, 0.00, 2300, 2300.00, 0.00, 115.00, 0.00, 0.00, 0.00),
(44, 1, 500.00, 1500, 0.00, 0.00, 75.00, 1500.00, 3500.00, 0.00),
(44, 2, 0.00, 1500, 0.00, 0.00, 75.00, 0.00, 1500.00, 0.00),
(44, 3, 0.00, 1500, 1500.00, 0.00, 75.00, 0.00, 0.00, 0.00),
(44, 4, 0.00, 1500, 1500.00, 0.00, 75.00, 0.00, 0.00, 0.00),
(44, 5, 0.00, 1500, 1500.00, 0.00, 75.00, 0.00, 0.00, 0.00),
(44, 6, 0.00, 1500, 1500.00, 0.00, 75.00, 0.00, 0.00, 0.00),
(44, 7, 0.00, 3000, 3000.00, 0.00, 150.00, 0.00, 0.00, 0.00),
(44, 8, 0.00, 3000, 3000.00, 0.00, 150.00, 0.00, 0.00, 0.00),
(44, 9, 0.00, 3000, 3000.00, 0.00, 150.00, 0.00, 0.00, 0.00),
(44, 10, 0.00, 3000, 3000.00, 0.00, 150.00, 0.00, 0.00, 0.00),
(44, 11, 0.00, 3000, 3000.00, 0.00, 150.00, 0.00, 0.00, 0.00),
(44, 12, 0.00, 3000, 3000.00, 0.00, 150.00, 0.00, 0.00, 0.00),
(45, 1, 150.00, 2230, 0.00, 0.00, 111.50, 0.00, 2380.00, 0.00),
(45, 2, 0.00, 2230, 2230.00, 0.00, 111.50, 0.00, 0.00, 0.00),
(45, 3, 0.00, 2230, 2230.00, 0.00, 111.50, 0.00, 0.00, 0.00),
(45, 4, 0.00, 2230, 2230.00, 0.00, 111.50, 0.00, 0.00, 0.00),
(45, 5, 0.00, 2230, 2230.00, 0.00, 111.50, 0.00, 0.00, 0.00),
(45, 6, 0.00, 2230, 2230.00, 0.00, 111.50, 0.00, 0.00, 0.00),
(45, 7, 0.00, 2230, 2230.00, 0.00, 111.50, 0.00, 0.00, 0.00),
(45, 8, 0.00, 2230, 2230.00, 0.00, 111.50, 0.00, 0.00, 0.00),
(45, 9, 0.00, 2230, 2230.00, 0.00, 111.50, 0.00, 0.00, 0.00),
(45, 10, 0.00, 2230, 2230.00, 0.00, 111.50, 0.00, 0.00, 0.00),
(45, 11, 0.00, 2230, 2230.00, 0.00, 111.50, 0.00, 0.00, 0.00),
(45, 12, 0.00, 2230, 2230.00, 0.00, 111.50, 0.00, 0.00, 0.00),
(46, 1, 0.00, 100, 0.00, 0.00, 5.00, 0.00, 100.00, 0.00),
(46, 2, 150.00, 100, 0.00, 0.00, 5.00, 0.00, 250.00, 0.00),
(46, 3, 0.00, 100, 100.00, 0.00, 5.00, 0.00, 0.00, 0.00),
(46, 4, 0.00, 100, 100.00, 0.00, 5.00, 0.00, 0.00, 0.00),
(46, 5, 0.00, 100, 100.00, 0.00, 5.00, 0.00, 0.00, 0.00),
(46, 6, 0.00, 100, 100.00, 0.00, 5.00, 0.00, 0.00, 0.00),
(46, 7, 0.00, 100, 100.00, 0.00, 5.00, 0.00, 0.00, 0.00),
(46, 8, 0.00, 100, 100.00, 0.00, 5.00, 0.00, 0.00, 0.00),
(46, 9, 0.00, 100, 100.00, 0.00, 5.00, 0.00, 0.00, 0.00),
(46, 10, 0.00, 100, 100.00, 0.00, 5.00, 0.00, 0.00, 0.00),
(46, 11, 0.00, 100, 100.00, 0.00, 5.00, 0.00, 0.00, 0.00),
(46, 12, 0.00, 100, 100.00, 0.00, 5.00, 0.00, 0.00, 0.00),
(47, 1, 0.00, 150, 150.00, 0.00, 9.00, 0.00, 0.00, 0.00),
(47, 2, 0.00, 150, 150.00, 0.00, 9.00, 0.00, 0.00, 0.00),
(47, 3, 0.00, 150, 150.00, 0.00, 9.00, 0.00, 0.00, 0.00),
(47, 4, 0.00, 150, 150.00, 0.00, 9.00, 0.00, 0.00, 0.00),
(47, 5, 0.00, 150, 150.00, 0.00, 9.00, 0.00, 0.00, 0.00),
(47, 6, 0.00, 150, 150.00, 0.00, 9.00, 0.00, 0.00, 0.00),
(47, 7, 0.00, 150, 150.00, 0.00, 9.00, 0.00, 0.00, 0.00),
(47, 8, 0.00, 150, 150.00, 0.00, 9.00, 0.00, 0.00, 0.00),
(47, 9, 0.00, 150, 150.00, 0.00, 9.00, 0.00, 0.00, 0.00),
(47, 10, 0.00, 150, 150.00, 0.00, 9.00, 0.00, 0.00, 0.00),
(47, 11, 0.00, 150, 150.00, 0.00, 9.00, 0.00, 0.00, 0.00),
(47, 12, 0.00, 150, 150.00, 0.00, 9.00, 0.00, 0.00, 0.00),
(48, 1, 0.00, 2220, 2220.00, 0.00, 133.20, 0.00, 0.00, 0.00),
(48, 2, 0.00, 2220, 2220.00, 0.00, 133.20, 0.00, 0.00, 0.00),
(48, 3, 0.00, 2220, 2220.00, 0.00, 133.20, 0.00, 0.00, 0.00),
(48, 4, 0.00, 2220, 2220.00, 0.00, 133.20, 0.00, 0.00, 0.00),
(48, 5, 0.00, 2220, 2220.00, 0.00, 133.20, 0.00, 0.00, 0.00),
(48, 6, 0.00, 2220, 2220.00, 0.00, 133.20, 0.00, 0.00, 0.00),
(48, 7, 0.00, 2220, 2220.00, 0.00, 133.20, 0.00, 0.00, 0.00),
(48, 8, 0.00, 2220, 2220.00, 0.00, 133.20, 0.00, 0.00, 0.00),
(48, 9, 0.00, 2220, 2220.00, 0.00, 133.20, 0.00, 0.00, 0.00),
(48, 10, 0.00, 2220, 2220.00, 0.00, 133.20, 0.00, 0.00, 0.00),
(48, 11, 0.00, 2220, 2220.00, 0.00, 133.20, 0.00, 0.00, 0.00);

-- --------------------------------------------------------

--
-- Estructura de tabla para la tabla `cuotaimpuesto`
--

CREATE TABLE `cuotaimpuesto` (
  `idCcontrato` int(5) NOT NULL,
  `nroCuota` int(10) NOT NULL,
  `idImpuesto` int(5) NOT NULL
) ENGINE=InnoDB DEFAULT CHARSET=latin1;

--
-- Volcado de datos para la tabla `cuotaimpuesto`
--

INSERT INTO `cuotaimpuesto` (`idCcontrato`, `nroCuota`, `idImpuesto`) VALUES
(2, 2, 2),
(2, 3, 4),
(2, 3, 5),
(2, 2, 7),
(2, 2, 8),
(2, 5, 9),
(2, 5, 10),
(2, 5, 11),
(2, 12, 12),
(2, 12, 13),
(2, 12, 14),
(6, 1, 18),
(6, 1, 19),
(6, 1, 20),
(4, 1, 23),
(3, 1, 24),
(7, 1, 25),
(7, 1, 26),
(8, 1, 27),
(2, 4, 29),
(2, 4, 30),
(7, 2, 31),
(7, 2, 32),
(7, 2, 33),
(7, 2, 34),
(7, 2, 35),
(7, 2, 36),
(7, 2, 37),
(7, 2, 38),
(7, 2, 39),
(7, 2, 40),
(8, 1, 41),
(11, 2, 43),
(11, 2, 44),
(17, 2, 45),
(23, 1, 46),
(23, 2, 47),
(44, 1, 48),
(45, 1, 49),
(46, 2, 50);

-- --------------------------------------------------------

--
-- Estructura de tabla para la tabla `descripcionimpuesto`
--

CREATE TABLE `descripcionimpuesto` (
  `idDescripcion` int(5) NOT NULL,
  `descripcion` varchar(20) NOT NULL,
  `habilitar` tinyint(1) NOT NULL
) ENGINE=InnoDB DEFAULT CHARSET=latin1;

--
-- Volcado de datos para la tabla `descripcionimpuesto`
--

INSERT INTO `descripcionimpuesto` (`idDescripcion`, `descripcion`, `habilitar`) VALUES
(3, 'Luz', 1),
(1, 'Inmobiliario', 1),
(2, 'Tasa Municipal', 1),
(5, 'Gas', 1),
(6, 'CableVideo', 1),
(7, 'Internet', 1),
(8, 'Telefono', 1),
(9, 'Celular', 1),
(10, 'Cloaca', 1),
(11, 'Sepelio', 1),
(12, 'Cuenca', 1),
(4, 'Agua Potable', 1),
(13, 'API', 0),
(14, 'Narcotrafico', 0);

-- --------------------------------------------------------

--
-- Estructura de tabla para la tabla `eventos`
--

CREATE TABLE `eventos` (
  `fecha` varchar(20) NOT NULL,
  `idUsuario` int(5) NOT NULL,
  `descipcion` varchar(100) NOT NULL,
  `tipo` enum('MOVIMIENTO','CONTRATO','INMUEBLE','CLIENTE','USUARIO') NOT NULL
) ENGINE=InnoDB DEFAULT CHARSET=latin1;

--
-- Volcado de datos para la tabla `eventos`
--

INSERT INTO `eventos` (`fecha`, `idUsuario`, `descipcion`, `tipo`) VALUES
('14/07/2017 - 11:32\r\n', 1, 'Se agrego el usuario HERNAN', 'USUARIO'),
('14/07/2017 - 11:32\r\n', 1, 'Se elimino el usuario HERNAN', 'USUARIO'),
('14/07/2017 - 11:32\r\n', 1, 'Se recupero el usuario HERNAN', 'USUARIO'),
('14/07/2017 - 11:32\r\n', 1, 'El usuario ADMIN modifico la contrase帽a', 'USUARIO'),
('14/10/2017 - 11:32\r\n', 1, 'Se agrego el Inmueble Prueba1500  ', 'INMUEBLE'),
('14/10/2017 - 11:32\r\n', 1, 'Se elimino el Inmueble CasiGol0001  ', 'INMUEBLE'),
('14/10/2017 - 11:32\r\n', 1, 'Se elimino el Inmueble San Martin1875', 'INMUEBLE'),
('14/05/2017 - 11:32\r\n', 1, 'Se agregego el Propietario Ronald Quinteros ', 'CLIENTE'),
('14/05/2017 - 11:32\r\n', 1, 'Se agregego el Inquilino Maxilimiliano Lugo ', 'CLIENTE'),
('14/05/2017 - 11:32\r\n', 1, 'Se agregego el Garante Robertino Insua Lopez', 'CLIENTE'),
('14/05/2017 - 11:32\r\n', 1, 'Se elimino el Cliente Lugo null Maxilimiliano', 'CLIENTE'),
('14/05/2017 - 11:32\r\n', 1, 'Se recupero el Cliente Candela Oggioni ', 'CLIENTE'),
('14/05/2016 - 11:32\r\n', 7, 'Se registro el cobro de la cuota 6 del contrato 6 por $1000.0', 'MOVIMIENTO'),
('14/05/2016 - 11:32\r\n', 7, 'Se registro el pago de la cuota 1 del contrato 6', 'MOVIMIENTO'),
('14/05/2017 - 11:32\r\n', 1, 'Se registro el cobro de la cuota 2 del contrato 22 por $4575.24', 'MOVIMIENTO'),
('14/05/2017 - 11:32\r\n', 1, 'Se agregego el Garante Kampmann Doris ', 'CLIENTE'),
('14/05/2017 - 11:32\r\n', 1, 'Se agregego el Garante Juan Roman  Riquelme Dios', 'CLIENTE'),
('14/10/2017 - 11:32\r\n', 1, 'Se agrego el Inmueble Guemes3045  ', 'INMUEBLE'),
('14/10/2017 - 11:32\r\n', 1, 'Se agrego el Inmueble Avenida Siempre Viva123  ', 'INMUEBLE'),
('14/10/2017 - 11:32\r\n', 1, 'Se agrego el Inmueble ddasdsadsa12332  ', 'INMUEBLE'),
('14/05/2017 - 11:32\r\n', 1, 'Se agregego el Propietario Homero Simpson ', 'CLIENTE'),
('14/10/2017 - 11:32\r\n', 1, 'Se agrego el Inmueble San Martin1878 10 E', 'INMUEBLE'),
('14/10/2017 - 11:32\r\n', 1, 'Se agrego el Inmueble hola122  ', 'INMUEBLE'),
('14/10/2017 - 11:32\r\n', 1, 'Se agrego el Inmueble Laprida 1552  ', 'INMUEBLE'),
('14/10/2017 - 11:32\r\n', 1, 'Se agrego el Inmueble Sarmiento  ', 'INMUEBLE'),
('14/10/2017 - 11:32\r\n', 1, 'Se agrego el Inmueble Sarmiento 1500  ', 'INMUEBLE'),
('14/07/2017 - 11:32\r\n', 1, 'Se elimino el usuario HERNAN', 'USUARIO'),
('15/05/2017 - 19:20', 1, 'Se registro el cobro de la cuota 7 del contrato 6 por $1000.0', 'MOVIMIENTO'),
('15/05/2017 - 19:21', 1, 'Se registro el cobro de la cuota 3 del contrato 8 por $1500.0', 'MOVIMIENTO'),
('15/05/2017 - 20:28', 1, 'Se registro el cobro de la cuota 8 del contrato 6 por $1000.0', 'MOVIMIENTO'),
('15/05/2017 - 20:31', 1, 'Se registro el cobro de la cuota 9 del contrato 6 por $1000.0', 'MOVIMIENTO'),
('15/05/2017 - 20:34', 1, 'Se registro el cobro de la cuota 10 del contrato 6 por $1000.0', 'MOVIMIENTO'),
('15/05/2017 - 20:36', 1, 'Se registro el cobro de la cuota 4 del contrato 7 por $2300.0', 'MOVIMIENTO'),
('15/05/2017 - 20:40', 1, 'Se registro el cobro de la cuota 11 del contrato 6 por $1000.0', 'MOVIMIENTO'),
('20/05/2017 - 12:21', 1, 'Se recupero el usuario HERNAN', 'USUARIO'),
('20/05/2017 - 12:22', 1, 'Se creo el Contrato 25', 'CONTRATO'),
('20/05/2017 - 12:29', 1, 'Se creo el Contrato 26', 'CONTRATO'),
('20/05/2017 - 12:33', 1, 'Se creo el Contrato 27', 'CONTRATO'),
('20/05/2017 - 12:38', 1, 'Se creo el Contrato 28', 'CONTRATO'),
('22/05/2017 - 15:58', 1, 'Se creo el Contrato 29', 'CONTRATO'),
('22/05/2017 - 16:0', 1, 'Se creo el Contrato 30', 'CONTRATO'),
('22/05/2017 - 16:3', 1, 'Se creo el Contrato 31', 'CONTRATO'),
('22/05/2017 - 16:4', 1, 'Se creo el Contrato 32', 'CONTRATO'),
('22/05/2017 - 16:6', 1, 'Se creo el Contrato 33', 'CONTRATO'),
('22/05/2017 - 16:16', 1, 'Se registro el cobro de la cuota 1 del contrato 33 por $10281.0', 'MOVIMIENTO'),
('22/05/2017 - 16:30', 1, 'Se creo el Contrato 34', 'CONTRATO'),
('22/05/2017 - 16:31', 1, 'Se registro el pago de la cuota 1 del contrato 33', 'MOVIMIENTO'),
('22/05/2017 - 20:22', 1, 'Se registro el cobro de la cuota 4 del contrato 8 por $1500.0', 'MOVIMIENTO'),
('26/05/2017 - 18:34', 1, 'Se creo el Contrato 35', 'CONTRATO'),
('26/05/2017 - 18:38', 1, 'Se creo el Contrato 36', 'CONTRATO'),
('26/05/2017 - 18:48', 1, 'Se creo el Contrato 37', 'CONTRATO'),
('26/05/2017 - 18:55', 1, 'Se creo el Contrato 38', 'CONTRATO'),
('26/05/2017 - 19:33', 1, 'Se agrego el Inmueble san martin 123  ', 'INMUEBLE'),
('26/05/2017 - 19:37', 1, 'Se agrego el Inmueble san martin 123  ', 'INMUEBLE'),
('26/05/2017 - 19:37', 1, 'Se elimino el Inmueble san martin 123  ', 'INMUEBLE'),
('26/05/2017 - 19:38', 1, 'Se recupero el Inmueble san martin 123', 'INMUEBLE'),
('26/05/2017 - 19:44', 1, 'Se registro el cobro de la cuota 1 del contrato 20 por $1533.0', 'MOVIMIENTO'),
('26/05/2017 - 19:45', 1, 'Se registro el pago de la cuota 1 del contrato 20', 'MOVIMIENTO'),
('27/05/2017 - 16:9', 1, 'Se agrego el Inmueble Belgrano 1877  ', 'INMUEBLE'),
('27/05/2017 - 16:12', 1, 'Se agrego el Inmueble 1 de Mayo 1221  ', 'INMUEBLE'),
('27/05/2017 - 19:5', 1, 'Se agrego el Inmueble oiudoiy 123213  ', 'INMUEBLE'),
('27/05/2017 - 19:6', 1, 'Se agrego el Inmueble La Boca 123  ', 'INMUEBLE'),
('27/05/2017 - 19:31', 1, 'Se creo el Contrato 39', 'CONTRATO'),
('27/05/2017 - 19:35', 1, 'Se creo el Contrato 40', 'CONTRATO'),
('27/06/2017 - 19:36', 1, 'Se registro el cobro de la cuota 1 del contrato 35 por $1500.0', 'MOVIMIENTO'),
('27/06/2017 - 20:11', 1, 'Se agrego el Inmueble san martin 123  ', 'INMUEBLE'),
('28/06/2017 - 18:4', 1, 'Se agrego el Inmueble Laprida 2014  ', 'INMUEBLE'),
('28/06/2017 - 18:32', 1, 'Se creo el Contrato 41', 'CONTRATO'),
('28/06/2017 - 18:34', 1, 'Se creo el Contrato 42', 'CONTRATO'),
('30/06/2017 - 18:28', 1, 'Se agregego el Propietario Pepe Castro ', 'CLIENTE'),
('30/06/2017 - 18:37', 1, 'Se agregego el Propietario Jose Ayala ', 'CLIENTE'),
('30/06/2017 - 18:43', 1, 'Se agregego el Inquilino Pitu Cejas ', 'CLIENTE'),
('30/06/2017 - 18:44', 1, 'Se agregego el Garante Rodrigo Salinas ', 'CLIENTE'),
('4/07/2017 - 11:50', 1, 'Se agregego el Propietario Jazmin Lopez ', 'CLIENTE'),
('4/07/2017 - 19:44', 1, 'Se creo el Contrato 43', 'CONTRATO'),
('4/07/2017 - 20:14', 1, 'Se agrego el Inmueble Calle Prueba 1234  ', 'INMUEBLE'),
('4/07/2017 - 20:17', 1, 'Se agregego el Propietario Prueba Prueba ', 'CLIENTE'),
('4/07/2017 - 20:21', 1, 'Se creo el Contrato 44', 'CONTRATO'),
('4/07/2017 - 20:25', 1, 'Se agrego el Inmueble Calle 123123  ', 'INMUEBLE'),
('4/07/2017 - 20:25', 1, 'Se agrego el Inmueble Calle 123123 10 a', 'INMUEBLE'),
('4/07/2017 - 20:30', 1, 'Se registro el cobro de la cuota 1 del contrato 44 por $3500.0', 'MOVIMIENTO'),
('4/07/2017 - 20:31', 1, 'Se registro el pago de la cuota 1 del contrato 44', 'MOVIMIENTO'),
('4/07/2017 - 20:32', 1, 'Se registro el cobro de la cuota 2 del contrato 44 por $1500.0', 'MOVIMIENTO'),
('4/07/2017 - 20:32', 1, 'Se registro el pago de la cuota 2 del contrato 44', 'MOVIMIENTO'),
('4/07/2017 - 20:35', 1, 'Se registro el cobro de la cuota 1 del contrato 43 por $4580361.3', 'MOVIMIENTO'),
('4/07/2017 - 20:51', 1, 'Se elimino el usuario AGUSTIN', 'USUARIO'),
('4/07/2017 - 20:52', 1, 'Se recupero el usuario AGUSTIN', 'USUARIO'),
('4/07/2017 - 20:52', 1, 'Se elimino el Inmueble Calle 123123 10 a', 'INMUEBLE'),
('7/07/2017 - 13:18', 1, 'Se agregego el Propietario Pata Rondin ', 'CLIENTE'),
('7/07/2017 - 15:5', 1, 'Se registro el cobro de la cuota 2 del contrato 19 por $1222.0', 'MOVIMIENTO'),
('7/07/2017 - 15:9', 1, 'Se registro el cobro de la cuota 1 del contrato 24 por $1001.0', 'MOVIMIENTO'),
('7/07/2017 - 15:21', 1, 'Se agregego el Propietario Jose Velez ', 'CLIENTE'),
('7/07/2017 - 15:35', 1, 'Se agregego el Propietario Santiago Gomez ', 'CLIENTE'),
('7/07/2017 - 15:38', 1, 'Se agregego el Inquilino asdasd asdasd ', 'CLIENTE'),
('7/07/2017 - 15:42', 1, 'Se agregego el Inquilino asdasd asdasd ', 'CLIENTE'),
('7/07/2017 - 16:6', 1, 'Se creo el Contrato 45', 'CONTRATO'),
('7/07/2017 - 16:9', 1, 'Se creo el Contrato 46', 'CONTRATO'),
('11/07/2017 - 18:10', 1, 'Se registro el cobro de la cuota 1 del contrato 45 por $2380.0', 'MOVIMIENTO'),
('11/07/2017 - 18:13', 1, 'Se registro el cobro de la cuota 1 del contrato 46 por $100.0', 'MOVIMIENTO'),
('11/07/2017 - 18:13', 1, 'Se registro el cobro de la cuota 2 del contrato 46 por $250.0', 'MOVIMIENTO'),
('18/07/2017 - 18:34', 1, 'Se agregego el Propietario Jose Juanes ', 'CLIENTE'),
('18/07/2017 - 18:42', 1, 'Se elimino el Inmueble Godoy 11  ', 'INMUEBLE'),
('18/07/2017 - 18:45', 1, 'Se recupero el Inmueble Godoy 11', 'INMUEBLE'),
('18/07/2017 - 18:46', 1, 'Se elimino el Inmueble Godoy 11  ', 'INMUEBLE'),
('18/07/2017 - 18:54', 1, 'Se creo el Contrato 47', 'CONTRATO'),
('18/07/2017 - 18:56', 1, 'Se creo el Contrato 48', 'CONTRATO'),
('18/07/2017 - 19:26', 1, 'Se agregego el Propietario Jorge Alejandro Perusini ', 'CLIENTE'),
('18/07/2017 - 19:27', 1, 'Se modifico el Cliente Jorge Alejandro Perusini ', 'CLIENTE'),
('18/07/2017 - 19:27', 1, 'Se modifico el Cliente Jorge Alejandro Perusini ', 'CLIENTE'),
('18/07/2017 - 19:28', 1, 'Se agregego el Propietario pdwopo ewewewew ', 'CLIENTE'),
('18/07/2017 - 20:41', 1, 'Se agregego el Propietario asdasd asdasd ', 'CLIENTE'),
('19/07/2017 - 16:41', 1, 'Se agregego el Garante Prueba Garante ', 'CLIENTE');

-- --------------------------------------------------------

--
-- Estructura de tabla para la tabla `impuesto`
--

CREATE TABLE `impuesto` (
  `idImpuesto` int(5) NOT NULL,
  `idDescripcion` int(5) NOT NULL,
  `valorImp` double(10,2) NOT NULL
) ENGINE=InnoDB DEFAULT CHARSET=latin1;

--
-- Volcado de datos para la tabla `impuesto`
--

INSERT INTO `impuesto` (`idImpuesto`, `idDescripcion`, `valorImp`) VALUES
(2, 1, 117.00),
(4, 7, 350.00),
(5, 4, 722.00),
(7, 5, 66.00),
(8, 10, 157.00),
(9, 1, 150.00),
(10, 8, 50.00),
(11, 6, 221.00),
(12, 9, 14.92),
(13, 1, 15.08),
(14, 2, 30.00),
(18, 8, 230.00),
(19, 3, 879.00),
(20, 7, 350.00),
(23, 1, 320.00),
(24, 1, 500.00),
(25, 1, 150.00),
(26, 4, 200.00),
(27, 1, 555.00),
(29, 3, 1244.00),
(30, 2, 255.00),
(31, 1, 100.00),
(32, 2, 150.00),
(33, 8, 124.00),
(34, 3, 200.00),
(35, 4, 244.00),
(36, 6, 650.00),
(37, 5, 86.00),
(38, 9, 350.00),
(39, 7, 120.00),
(40, 11, 101.00),
(41, 3, 1250.00),
(43, 4, 544.00),
(44, 3, 2430.00),
(45, 1, 150.00),
(46, 7, 1500.00),
(47, 1, 120.00),
(48, 4, 500.00),
(49, 1, 150.00),
(50, 1, 150.00);

-- --------------------------------------------------------

--
-- Estructura de tabla para la tabla `impuestoasociados`
--

CREATE TABLE `impuestoasociados` (
  `idContrato` int(5) NOT NULL,
  `idDescripcion` int(5) NOT NULL,
  `titularImp` varchar(30) NOT NULL
) ENGINE=InnoDB DEFAULT CHARSET=latin1;

--
-- Volcado de datos para la tabla `impuestoasociados`
--

INSERT INTO `impuestoasociados` (`idContrato`, `idDescripcion`, `titularImp`) VALUES
(10, 1, 'SADASD'),
(10, 2, ' ASD'),
(10, 3, ' DD'),
(10, 12, ''),
(11, 1, ' AAA'),
(11, 2, ' AAA'),
(11, 3, '222 '),
(11, 12, ''),
(12, 1, 'HOLA'),
(14, 1, 'hola'),
(14, 12, 'chau'),
(20, 1, ' hola'),
(20, 12, 'chau '),
(2, 1, 'Fernando'),
(2, 2, 'Agu'),
(2, 3, 'Nahuel');

-- --------------------------------------------------------

--
-- Estructura de tabla para la tabla `inmueble`
--

CREATE TABLE `inmueble` (
  `idInmueble` int(5) NOT NULL,
  `idPropietario` int(5) NOT NULL,
  `calle` varchar(50) NOT NULL,
  `piso` varchar(15) DEFAULT NULL,
  `dpto` varchar(2) NOT NULL,
  `localidad` varchar(50) NOT NULL,
  `estado` varchar(20) NOT NULL,
  `tipo` varchar(20) NOT NULL,
  `folio` varchar(50) NOT NULL,
  `folioReal` varchar(50) NOT NULL,
  `tomo` int(10) DEFAULT NULL,
  `fechaInscripcion` varchar(10) NOT NULL,
  `provincia` varchar(50) NOT NULL
) ENGINE=InnoDB DEFAULT CHARSET=latin1;

--
-- Volcado de datos para la tabla `inmueble`
--

INSERT INTO `inmueble` (`idInmueble`, `idPropietario`, `calle`, `piso`, `dpto`, `localidad`, `estado`, `tipo`, `folio`, `folioReal`, `tomo`, `fechaInscripcion`, `provincia`) VALUES
(1, 8, 'Godoy 11', '', '', 'Tostado', 'Inhabilitado', 'Crack', '1', '1', 0, '1/0/1992', 'Santa Fe'),
(2, 7, 'Moreno 2447', '', '', 'Tostado', 'Disponible', 'Casa', '1', '1', 0, '1/7/2010', 'Santa Fe'),
(3, 8, '1 de Mayo 1685', '', '', 'Tostado', 'Ocupado', 'Casa', '1', '1', 0, '15/4/1980', 'Santa Fe'),
(4, 7, 'Guemes 3045', '', '', 'Santa Fe', 'Disponible', 'casa', '1', '1', 0, '1/5/2017', 'Santa Fe'),
(5, 25, 'San Martin1865', '10', 'E', 'Tostado', 'Ocupado', 'Departamento', '0', '0', 0, '', 'Santa Fe'),
(9, 7, 'San Martin1875', '', '', 'Tostado', 'Disponible', '', '0', '0', 0, '', 'Santa Fe'),
(10, 5, 'Junin1552', '3', 'E', 'Tostado', 'Ocupado', 'Casa', '0', '0', 0, '', 'Santa Fe'),
(11, 19, 'CasiGol0001', '', '', 'Tostado', 'Ocupado', 'Casa', '0', '0', 0, '', 'Santa Fe'),
(12, 8, 'Prueba1500', '', '', 'Tostado', 'Disponible', 'Departamento', '0', '0', 0, '', 'Santa Fe'),
(13, 21, 'Guemes3045', '', '', 'Santa Fe', 'Disponible', 'Casa', '0', '0', 0, '15/0/2017', 'Santa Fe'),
(14, 5, 'Avenida Siempre Viva123', '', '', 'Tostado', 'Ocupado', 'Casa', '0', '0', 0, '', 'Santa Fe'),
(15, 19, 'Laprida 1552', '', '', 'Tostado', 'Ocupado', '', '0', '0', 0, '', 'Santa Fe'),
(16, 33, 'San Martin1878', '10', 'E', 'Tostado', 'Ocupado', 'Departamento', '1428/19', '2330', 0, '4/6/2017', 'Santa Fe'),
(17, 33, 'Sarmiento 1500', '', '', 'Tostado', 'Ocupado', '', '', '0', 0, '', 'Santa Fe'),
(18, 28, 'san martin 123', '', '', 'Tostado', 'Ocupado', 'dpto', '2', '1', 0, '1/6/2017', 'Santa Fe'),
(19, 33, 'Belgrano 1877', '', '', 'Tostado', 'Disponible', 'Casa', ' ', '0', 0, '', 'Santa Fe'),
(20, 19, '1 de Mayo 1221', '', '', 'Tostado', 'Ocupado', 'Departamento', ' ', '0', 0, '', 'Santa Fe'),
(21, 25, 'oiudoiy 123213', '', '', 'Tostado', 'Disponible', 'Casa', ' ', '0', 0, '', 'Santa Fe'),
(22, 32, 'La Boca 123', '', '', 'Tostado', 'Ocupado', 'Casa', ' ', '0', 0, '', 'Santa Fe'),
(23, 23, 'Laprida 2014', '', '', 'Tostado', 'Ocupado', 'Casa', '2554', '3255', 0, '28/6/2017', 'Santa Fe'),
(24, 33, 'Calle Prueba 1234', '', '', 'Tostado', 'Ocupado', 'Casa', ' ', '0', 0, '', 'Santa Fe'),
(25, 21, 'Calle 123123', '10', 'a', 'Tostado', 'Inhabilitado', 'Casa', ' 12', '12', 12, '17/05/05', 'Santa Fe');

-- --------------------------------------------------------

--
-- Estructura de tabla para la tabla `localidades`
--

CREATE TABLE `localidades` (
  `id` int(11) NOT NULL,
  `id_privincia` int(11) NOT NULL,
  `localidad` varchar(255) NOT NULL
) ENGINE=MyISAM DEFAULT CHARSET=latin1;

--
-- Volcado de datos para la tabla `localidades`
--

INSERT INTO `localidades` (`id`, `id_privincia`, `localidad`) VALUES
(1, 1, '25 de Mayo'),
(2, 1, '3 de febrero'),
(3, 1, 'A. Alsina'),
(4, 1, 'A. Gonz谩les Ch谩ves'),
(5, 1, 'Aguas Verdes'),
(6, 1, 'Alberti'),
(7, 1, 'Arrecifes'),
(8, 1, 'Ayacucho'),
(9, 1, 'Azul'),
(10, 1, 'Bah铆a Blanca'),
(11, 1, 'Balcarce'),
(12, 1, 'Baradero'),
(13, 1, 'Benito Ju谩rez'),
(14, 1, 'Berisso'),
(15, 1, 'Bol铆var'),
(16, 1, 'Bragado'),
(17, 1, 'Brandsen'),
(18, 1, 'Campana'),
(19, 1, 'Ca帽uelas'),
(20, 1, 'Capilla del Se帽or'),
(21, 1, 'Capit谩n Sarmiento'),
(22, 1, 'Carapachay'),
(23, 1, 'Carhue'),
(24, 1, 'Caril贸'),
(25, 1, 'Carlos Casares'),
(26, 1, 'Carlos Tejedor'),
(27, 1, 'Carmen de Areco'),
(28, 1, 'Carmen de Patagones'),
(29, 1, 'Castelli'),
(30, 1, 'Chacabuco'),
(31, 1, 'Chascom煤s'),
(32, 1, 'Chivilcoy'),
(33, 1, 'Col贸n'),
(34, 1, 'Coronel Dorrego'),
(35, 1, 'Coronel Pringles'),
(36, 1, 'Coronel Rosales'),
(37, 1, 'Coronel Suarez'),
(38, 1, 'Costa Azul'),
(39, 1, 'Costa Chica'),
(40, 1, 'Costa del Este'),
(41, 1, 'Costa Esmeralda'),
(42, 1, 'Daireaux'),
(43, 1, 'Darregueira'),
(44, 1, 'Del Viso'),
(45, 1, 'Dolores'),
(46, 1, 'Don Torcuato'),
(47, 1, 'Ensenada'),
(48, 1, 'Escobar'),
(49, 1, 'Exaltaci贸n de la Cruz'),
(50, 1, 'Florentino Ameghino'),
(51, 1, 'Gar铆n'),
(52, 1, 'Gral. Alvarado'),
(53, 1, 'Gral. Alvear'),
(54, 1, 'Gral. Arenales'),
(55, 1, 'Gral. Belgrano'),
(56, 1, 'Gral. Guido'),
(57, 1, 'Gral. Lamadrid'),
(58, 1, 'Gral. Las Heras'),
(59, 1, 'Gral. Lavalle'),
(60, 1, 'Gral. Madariaga'),
(61, 1, 'Gral. Pacheco'),
(62, 1, 'Gral. Paz'),
(63, 1, 'Gral. Pinto'),
(64, 1, 'Gral. Pueyrred贸n'),
(65, 1, 'Gral. Rodr铆guez'),
(66, 1, 'Gral. Viamonte'),
(67, 1, 'Gral. Villegas'),
(68, 1, 'Guamin铆'),
(69, 1, 'Guernica'),
(70, 1, 'Hip贸lito Yrigoyen'),
(71, 1, 'Ing. Maschwitz'),
(72, 1, 'Jun铆n'),
(73, 1, 'La Plata'),
(74, 1, 'Laprida'),
(75, 1, 'Las Flores'),
(76, 1, 'Las Toninas'),
(77, 1, 'Leandro N. Alem'),
(78, 1, 'Lincoln'),
(79, 1, 'Loberia'),
(80, 1, 'Lobos'),
(81, 1, 'Los Cardales'),
(82, 1, 'Los Toldos'),
(83, 1, 'Lucila del Mar'),
(84, 1, 'Luj谩n'),
(85, 1, 'Magdalena'),
(86, 1, 'Maip煤'),
(87, 1, 'Mar Chiquita'),
(88, 1, 'Mar de Aj贸'),
(89, 1, 'Mar de las Pampas'),
(90, 1, 'Mar del Plata'),
(91, 1, 'Mar del Tuy煤'),
(92, 1, 'Marcos Paz'),
(93, 1, 'Mercedes'),
(94, 1, 'Miramar'),
(95, 1, 'Monte'),
(96, 1, 'Monte Hermoso'),
(97, 1, 'Munro'),
(98, 1, 'Navarro'),
(99, 1, 'Necochea'),
(100, 1, 'Olavarr铆a'),
(101, 1, 'Partido de la Costa'),
(102, 1, 'Pehuaj贸'),
(103, 1, 'Pellegrini'),
(104, 1, 'Pergamino'),
(105, 1, 'Pig眉茅'),
(106, 1, 'Pila'),
(107, 1, 'Pilar'),
(108, 1, 'Pinamar'),
(109, 1, 'Pinar del Sol'),
(110, 1, 'Polvorines'),
(111, 1, 'Pte. Per贸n'),
(112, 1, 'Pu谩n'),
(113, 1, 'Punta Indio'),
(114, 1, 'Ramallo'),
(115, 1, 'Rauch'),
(116, 1, 'Rivadavia'),
(117, 1, 'Rojas'),
(118, 1, 'Roque P茅rez'),
(119, 1, 'Saavedra'),
(120, 1, 'Saladillo'),
(121, 1, 'Salliquel贸'),
(122, 1, 'Salto'),
(123, 1, 'San Andr茅s de Giles'),
(124, 1, 'San Antonio de Areco'),
(125, 1, 'San Antonio de Padua'),
(126, 1, 'San Bernardo'),
(127, 1, 'San Cayetano'),
(128, 1, 'San Clemente del Tuy煤'),
(129, 1, 'San Nicol谩s'),
(130, 1, 'San Pedro'),
(131, 1, 'San Vicente'),
(132, 1, 'Santa Teresita'),
(133, 1, 'Suipacha'),
(134, 1, 'Tandil'),
(135, 1, 'Tapalqu茅'),
(136, 1, 'Tordillo'),
(137, 1, 'Tornquist'),
(138, 1, 'Trenque Lauquen'),
(139, 1, 'Tres Lomas'),
(140, 1, 'Villa Gesell'),
(141, 1, 'Villarino'),
(142, 1, 'Z谩rate'),
(143, 2, '11 de Septiembre'),
(144, 2, '20 de Junio'),
(145, 2, '25 de Mayo'),
(146, 2, 'Acassuso'),
(147, 2, 'Adrogu茅'),
(148, 2, 'Aldo Bonzi'),
(149, 2, 'rea Reserva Cintur贸n Ecol贸gico'),
(150, 2, 'Avellaneda'),
(151, 2, 'Banfield'),
(152, 2, 'Barrio Parque'),
(153, 2, 'Barrio Santa Teresita'),
(154, 2, 'Beccar'),
(155, 2, 'Bella Vista'),
(156, 2, 'Berazategui'),
(157, 2, 'Bernal Este'),
(158, 2, 'Bernal Oeste'),
(159, 2, 'Billinghurst'),
(160, 2, 'Boulogne'),
(161, 2, 'Burzaco'),
(162, 2, 'Carapachay'),
(163, 2, 'Caseros'),
(164, 2, 'Castelar'),
(165, 2, 'Churruca'),
(166, 2, 'Ciudad Evita'),
(167, 2, 'Ciudad Madero'),
(168, 2, 'Ciudadela'),
(169, 2, 'Claypole'),
(170, 2, 'Crucecita'),
(171, 2, 'Dock Sud'),
(172, 2, 'Don Bosco'),
(173, 2, 'Don Orione'),
(174, 2, 'El Jag眉el'),
(175, 2, 'El Libertador'),
(176, 2, 'El Palomar'),
(177, 2, 'El Tala'),
(178, 2, 'El Tr茅bol'),
(179, 2, 'Ezeiza'),
(180, 2, 'Ezpeleta'),
(181, 2, 'Florencio Varela'),
(182, 2, 'Florida'),
(183, 2, 'Francisco lvarez'),
(184, 2, 'Gerli'),
(185, 2, 'Glew'),
(186, 2, 'Gonz谩lez Cat谩n'),
(187, 2, 'Gral. Lamadrid'),
(188, 2, 'Grand Bourg'),
(189, 2, 'Gregorio de Laferrere'),
(190, 2, 'Guillermo Enrique Hudson'),
(191, 2, 'Haedo'),
(192, 2, 'Hurlingham'),
(193, 2, 'Ing. Sourdeaux'),
(194, 2, 'Isidro Casanova'),
(195, 2, 'Ituzaing贸'),
(196, 2, 'Jos茅 C. Paz'),
(197, 2, 'Jos茅 Ingenieros'),
(198, 2, 'Jos茅 Marmol'),
(199, 2, 'La Lucila'),
(200, 2, 'La Reja'),
(201, 2, 'La Tablada'),
(202, 2, 'Lan煤s'),
(203, 2, 'Llavallol'),
(204, 2, 'Loma Hermosa'),
(205, 2, 'Lomas de Zamora'),
(206, 2, 'Lomas del Mill贸n'),
(207, 2, 'Lomas del Mirador'),
(208, 2, 'Longchamps'),
(209, 2, 'Los Polvorines'),
(210, 2, 'Luis Guill贸n'),
(211, 2, 'Malvinas Argentinas'),
(212, 2, 'Mart铆n Coronado'),
(213, 2, 'Mart铆nez'),
(214, 2, 'Merlo'),
(215, 2, 'Ministro Rivadavia'),
(216, 2, 'Monte Chingolo'),
(217, 2, 'Monte Grande'),
(218, 2, 'Moreno'),
(219, 2, 'Mor贸n'),
(220, 2, 'Mu帽iz'),
(221, 2, 'Olivos'),
(222, 2, 'Pablo Nogu茅s'),
(223, 2, 'Pablo Podest谩'),
(224, 2, 'Paso del Rey'),
(225, 2, 'Pereyra'),
(226, 2, 'Pi帽eiro'),
(227, 2, 'Pl谩tanos'),
(228, 2, 'Pontevedra'),
(229, 2, 'Quilmes'),
(230, 2, 'Rafael Calzada'),
(231, 2, 'Rafael Castillo'),
(232, 2, 'Ramos Mej铆a'),
(233, 2, 'Ranelagh'),
(234, 2, 'Remedios de Escalada'),
(235, 2, 'S谩enz Pe帽a'),
(236, 2, 'San Antonio de Padua'),
(237, 2, 'San Fernando'),
(238, 2, 'San Francisco Solano'),
(239, 2, 'San Isidro'),
(240, 2, 'San Jos茅'),
(241, 2, 'San Justo'),
(242, 2, 'San Mart铆n'),
(243, 2, 'San Miguel'),
(244, 2, 'Santos Lugares'),
(245, 2, 'Sarand铆'),
(246, 2, 'Sourigues'),
(247, 2, 'Tapiales'),
(248, 2, 'Temperley'),
(249, 2, 'Tigre'),
(250, 2, 'Tortuguitas'),
(251, 2, 'Trist谩n Su谩rez'),
(252, 2, 'Trujui'),
(253, 2, 'Turdera'),
(254, 2, 'Valent铆n Alsina'),
(255, 2, 'Vicente L贸pez'),
(256, 2, 'Villa Adelina'),
(257, 2, 'Villa Ballester'),
(258, 2, 'Villa Bosch'),
(259, 2, 'Villa Caraza'),
(260, 2, 'Villa Celina'),
(261, 2, 'Villa Centenario'),
(262, 2, 'Villa de Mayo'),
(263, 2, 'Villa Diamante'),
(264, 2, 'Villa Dom铆nico'),
(265, 2, 'Villa Espa帽a'),
(266, 2, 'Villa Fiorito'),
(267, 2, 'Villa Guillermina'),
(268, 2, 'Villa Insuperable'),
(269, 2, 'Villa Jos茅 Le贸n Su谩rez'),
(270, 2, 'Villa La Florida'),
(271, 2, 'Villa Luzuriaga'),
(272, 2, 'Villa Martelli'),
(273, 2, 'Villa Obrera'),
(274, 2, 'Villa Progreso'),
(275, 2, 'Villa Raffo'),
(276, 2, 'Villa Sarmiento'),
(277, 2, 'Villa Tesei'),
(278, 2, 'Villa Udaondo'),
(279, 2, 'Virrey del Pino'),
(280, 2, 'Wilde'),
(281, 2, 'William Morris'),
(282, 3, 'Agronom铆a'),
(283, 3, 'Almagro'),
(284, 3, 'Balvanera'),
(285, 3, 'Barracas'),
(286, 3, 'Belgrano'),
(287, 3, 'Boca'),
(288, 3, 'Boedo'),
(289, 3, 'Caballito'),
(290, 3, 'Chacarita'),
(291, 3, 'Coghlan'),
(292, 3, 'Colegiales'),
(293, 3, 'Constituci贸n'),
(294, 3, 'Flores'),
(295, 3, 'Floresta'),
(296, 3, 'La Paternal'),
(297, 3, 'Liniers'),
(298, 3, 'Mataderos'),
(299, 3, 'Monserrat'),
(300, 3, 'Monte Castro'),
(301, 3, 'Nueva Pompeya'),
(302, 3, 'N煤帽ez'),
(303, 3, 'Palermo'),
(304, 3, 'Parque Avellaneda'),
(305, 3, 'Parque Chacabuco'),
(306, 3, 'Parque Chas'),
(307, 3, 'Parque Patricios'),
(308, 3, 'Puerto Madero'),
(309, 3, 'Recoleta'),
(310, 3, 'Retiro'),
(311, 3, 'Saavedra'),
(312, 3, 'San Crist贸bal'),
(313, 3, 'San Nicol谩s'),
(314, 3, 'San Telmo'),
(315, 3, 'V茅lez S谩rsfield'),
(316, 3, 'Versalles'),
(317, 3, 'Villa Crespo'),
(318, 3, 'Villa del Parque'),
(319, 3, 'Villa Devoto'),
(320, 3, 'Villa Gral. Mitre'),
(321, 3, 'Villa Lugano'),
(322, 3, 'Villa Luro'),
(323, 3, 'Villa Ort煤zar'),
(324, 3, 'Villa Pueyrred贸n'),
(325, 3, 'Villa Real'),
(326, 3, 'Villa Riachuelo'),
(327, 3, 'Villa Santa Rita'),
(328, 3, 'Villa Soldati'),
(329, 3, 'Villa Urquiza'),
(330, 4, 'Aconquija'),
(331, 4, 'Ancasti'),
(332, 4, 'Andalgal谩'),
(333, 4, 'Antofagasta'),
(334, 4, 'Bel茅n'),
(335, 4, 'Capay谩n'),
(336, 4, 'Capital'),
(337, 4, '4'),
(338, 4, 'Corral Quemado'),
(339, 4, 'El Alto'),
(340, 4, 'El Rodeo'),
(341, 4, 'F.Mamerto Esqui煤'),
(342, 4, 'Fiambal谩'),
(343, 4, 'Hualf铆n'),
(344, 4, 'Huillapima'),
(345, 4, 'Ica帽o'),
(346, 4, 'La Puerta'),
(347, 4, 'Las Juntas'),
(348, 4, 'Londres'),
(349, 4, 'Los Altos'),
(350, 4, 'Los Varela'),
(351, 4, 'Mutqu铆n'),
(352, 4, 'Pacl铆n'),
(353, 4, 'Poman'),
(354, 4, 'Pozo de La Piedra'),
(355, 4, 'Puerta de Corral'),
(356, 4, 'Puerta San Jos茅'),
(357, 4, 'Recreo'),
(358, 4, 'S.F.V de 4'),
(359, 4, 'San Fernando'),
(360, 4, 'San Fernando del Valle'),
(361, 4, 'San Jos茅'),
(362, 4, 'Santa Mar铆a'),
(363, 4, 'Santa Rosa'),
(364, 4, 'Saujil'),
(365, 4, 'Tapso'),
(366, 4, 'Tinogasta'),
(367, 4, 'Valle Viejo'),
(368, 4, 'Villa Vil'),
(369, 5, 'Avi谩 Tera铆'),
(370, 5, 'Barranqueras'),
(371, 5, 'Basail'),
(372, 5, 'Campo Largo'),
(373, 5, 'Capital'),
(374, 5, 'Capit谩n Solari'),
(375, 5, 'Charadai'),
(376, 5, 'Charata'),
(377, 5, 'Chorotis'),
(378, 5, 'Ciervo Petiso'),
(379, 5, 'Cnel. Du Graty'),
(380, 5, 'Col. Ben铆tez'),
(381, 5, 'Col. Elisa'),
(382, 5, 'Col. Popular'),
(383, 5, 'Colonias Unidas'),
(384, 5, 'Concepci贸n'),
(385, 5, 'Corzuela'),
(386, 5, 'Cote Lai'),
(387, 5, 'El Sauzalito'),
(388, 5, 'Enrique Urien'),
(389, 5, 'Fontana'),
(390, 5, 'Fte. Esperanza'),
(391, 5, 'Gancedo'),
(392, 5, 'Gral. Capdevila'),
(393, 5, 'Gral. Pinero'),
(394, 5, 'Gral. San Mart铆n'),
(395, 5, 'Gral. Vedia'),
(396, 5, 'Hermoso Campo'),
(397, 5, 'I. del Cerrito'),
(398, 5, 'J.J. Castelli'),
(399, 5, 'La Clotilde'),
(400, 5, 'La Eduvigis'),
(401, 5, 'La Escondida'),
(402, 5, 'La Leonesa'),
(403, 5, 'La Tigra'),
(404, 5, 'La Verde'),
(405, 5, 'Laguna Blanca'),
(406, 5, 'Laguna Limpia'),
(407, 5, 'Lapachito'),
(408, 5, 'Las Bre帽as'),
(409, 5, 'Las Garcitas'),
(410, 5, 'Las Palmas'),
(411, 5, 'Los Frentones'),
(412, 5, 'Machagai'),
(413, 5, 'Makall茅'),
(414, 5, 'Margarita Bel茅n'),
(415, 5, 'Miraflores'),
(416, 5, 'Misi贸n N. Pompeya'),
(417, 5, 'Napenay'),
(418, 5, 'Pampa Almir贸n'),
(419, 5, 'Pampa del Indio'),
(420, 5, 'Pampa del Infierno'),
(421, 5, 'Pdcia. de La Plaza'),
(422, 5, 'Pdcia. Roca'),
(423, 5, 'Pdcia. Roque S谩enz Pe帽a'),
(424, 5, 'Pto. Bermejo'),
(425, 5, 'Pto. Eva Per贸n'),
(426, 5, 'Puero Tirol'),
(427, 5, 'Puerto Vilelas'),
(428, 5, 'Quitilipi'),
(429, 5, 'Resistencia'),
(430, 5, 'S谩enz Pe帽a'),
(431, 5, 'Samuh煤'),
(432, 5, 'San Bernardo'),
(433, 5, 'Santa Sylvina'),
(434, 5, 'Taco Pozo'),
(435, 5, 'Tres Isletas'),
(436, 5, 'Villa ngela'),
(437, 5, 'Villa Berthet'),
(438, 5, 'Villa R. Bermejito'),
(439, 6, 'Aldea Apeleg'),
(440, 6, 'Aldea Beleiro'),
(441, 6, 'Aldea Epulef'),
(442, 6, 'Alto R铆o Sengerr'),
(443, 6, 'Buen Pasto'),
(444, 6, 'Camarones'),
(445, 6, 'Carrenleuf煤'),
(446, 6, 'Cholila'),
(447, 6, 'Co. Centinela'),
(448, 6, 'Colan Conhu茅'),
(449, 6, 'Comodoro Rivadavia'),
(450, 6, 'Corcovado'),
(451, 6, 'Cushamen'),
(452, 6, 'Dique F. Ameghino'),
(453, 6, 'Dolav贸n'),
(454, 6, 'Dr. R. Rojas'),
(455, 6, 'El Hoyo'),
(456, 6, 'El Mait茅n'),
(457, 6, 'Epuy茅n'),
(458, 6, 'Esquel'),
(459, 6, 'Facundo'),
(460, 6, 'Gaim谩n'),
(461, 6, 'Gan Gan'),
(462, 6, 'Gastre'),
(463, 6, 'Gdor. Costa'),
(464, 6, 'Gualjaina'),
(465, 6, 'J. de San Mart铆n'),
(466, 6, 'Lago Blanco'),
(467, 6, 'Lago Puelo'),
(468, 6, 'Lagunita Salada'),
(469, 6, 'Las Plumas'),
(470, 6, 'Los Altares'),
(471, 6, 'Paso de los Indios'),
(472, 6, 'Paso del Sapo'),
(473, 6, 'Pto. Madryn'),
(474, 6, 'Pto. Pir谩mides'),
(475, 6, 'Rada Tilly'),
(476, 6, 'Rawson'),
(477, 6, 'R铆o Mayo'),
(478, 6, 'R铆o Pico'),
(479, 6, 'Sarmiento'),
(480, 6, 'Tecka'),
(481, 6, 'Telsen'),
(482, 6, 'Trelew'),
(483, 6, 'Trevelin'),
(484, 6, 'Veintiocho de Julio'),
(485, 7, 'Achiras'),
(486, 7, 'Adelia Maria'),
(487, 7, 'Agua de Oro'),
(488, 7, 'Alcira Gigena'),
(489, 7, 'Aldea Santa Maria'),
(490, 7, 'Alejandro Roca'),
(491, 7, 'Alejo Ledesma'),
(492, 7, 'Alicia'),
(493, 7, 'Almafuerte'),
(494, 7, 'Alpa Corral'),
(495, 7, 'Alta Gracia'),
(496, 7, 'Alto Alegre'),
(497, 7, 'Alto de Los Quebrachos'),
(498, 7, 'Altos de Chipion'),
(499, 7, 'Amboy'),
(500, 7, 'Ambul'),
(501, 7, 'Ana Zumaran'),
(502, 7, 'Anisacate'),
(503, 7, 'Arguello'),
(504, 7, 'Arias'),
(505, 7, 'Arroyito'),
(506, 7, 'Arroyo Algodon'),
(507, 7, 'Arroyo Cabral'),
(508, 7, 'Arroyo Los Patos'),
(509, 7, 'Assunta'),
(510, 7, 'Atahona'),
(511, 7, 'Ausonia'),
(512, 7, 'Avellaneda'),
(513, 7, 'Ballesteros'),
(514, 7, 'Ballesteros Sud'),
(515, 7, 'Balnearia'),
(516, 7, 'Ba帽ado de Soto'),
(517, 7, 'Bell Ville'),
(518, 7, 'Bengolea'),
(519, 7, 'Benjamin Gould'),
(520, 7, 'Berrotaran'),
(521, 7, 'Bialet Masse'),
(522, 7, 'Bouwer'),
(523, 7, 'Brinkmann'),
(524, 7, 'Buchardo'),
(525, 7, 'Bulnes'),
(526, 7, 'Cabalango'),
(527, 7, 'Calamuchita'),
(528, 7, 'Calchin'),
(529, 7, 'Calchin Oeste'),
(530, 7, 'Calmayo'),
(531, 7, 'Camilo Aldao'),
(532, 7, 'Caminiaga'),
(533, 7, 'Ca帽ada de Luque'),
(534, 7, 'Ca帽ada de Machado'),
(535, 7, 'Ca帽ada de Rio Pinto'),
(536, 7, 'Ca帽ada del Sauce'),
(537, 7, 'Canals'),
(538, 7, 'Candelaria Sud'),
(539, 7, 'Capilla de Remedios'),
(540, 7, 'Capilla de Siton'),
(541, 7, 'Capilla del Carmen'),
(542, 7, 'Capilla del Monte'),
(543, 7, 'Capital'),
(544, 7, 'Capitan Gral B. O麓Higgins'),
(545, 7, 'Carnerillo'),
(546, 7, 'Carrilobo'),
(547, 7, 'Casa Grande'),
(548, 7, 'Cavanagh'),
(549, 7, 'Cerro Colorado'),
(550, 7, 'Chaj谩n'),
(551, 7, 'Chalacea'),
(552, 7, 'Cha帽ar Viejo'),
(553, 7, 'Chancan铆'),
(554, 7, 'Charbonier'),
(555, 7, 'Charras'),
(556, 7, 'Chaz贸n'),
(557, 7, 'Chilibroste'),
(558, 7, 'Chucul'),
(559, 7, 'Chu帽a'),
(560, 7, 'Chu帽a Huasi'),
(561, 7, 'Churqui Ca帽ada'),
(562, 7, 'Cienaga Del Coro'),
(563, 7, 'Cintra'),
(564, 7, 'Col. Almada'),
(565, 7, 'Col. Anita'),
(566, 7, 'Col. Barge'),
(567, 7, 'Col. Bismark'),
(568, 7, 'Col. Bremen'),
(569, 7, 'Col. Caroya'),
(570, 7, 'Col. Italiana'),
(571, 7, 'Col. Iturraspe'),
(572, 7, 'Col. Las Cuatro Esquinas'),
(573, 7, 'Col. Las Pichanas'),
(574, 7, 'Col. Marina'),
(575, 7, 'Col. Prosperidad'),
(576, 7, 'Col. San Bartolome'),
(577, 7, 'Col. San Pedro'),
(578, 7, 'Col. Tirolesa'),
(579, 7, 'Col. Vicente Aguero'),
(580, 7, 'Col. Videla'),
(581, 7, 'Col. Vignaud'),
(582, 7, 'Col. Waltelina'),
(583, 7, 'Colazo'),
(584, 7, 'Comechingones'),
(585, 7, 'Conlara'),
(586, 7, 'Copacabana'),
(587, 7, '7'),
(588, 7, 'Coronel Baigorria'),
(589, 7, 'Coronel Moldes'),
(590, 7, 'Corral de Bustos'),
(591, 7, 'Corralito'),
(592, 7, 'Cosqu铆n'),
(593, 7, 'Costa Sacate'),
(594, 7, 'Cruz Alta'),
(595, 7, 'Cruz de Ca帽a'),
(596, 7, 'Cruz del Eje'),
(597, 7, 'Cuesta Blanca'),
(598, 7, 'Dean Funes'),
(599, 7, 'Del Campillo'),
(600, 7, 'Despe帽aderos'),
(601, 7, 'Devoto'),
(602, 7, 'Diego de Rojas'),
(603, 7, 'Dique Chico'),
(604, 7, 'El Ara帽ado'),
(605, 7, 'El Brete'),
(606, 7, 'El Chacho'),
(607, 7, 'El Crisp铆n'),
(608, 7, 'El Fort铆n'),
(609, 7, 'El Manzano'),
(610, 7, 'El Rastreador'),
(611, 7, 'El Rodeo'),
(612, 7, 'El T铆o'),
(613, 7, 'Elena'),
(614, 7, 'Embalse'),
(615, 7, 'Esquina'),
(616, 7, 'Estaci贸n Gral. Paz'),
(617, 7, 'Estaci贸n Ju谩rez Celman'),
(618, 7, 'Estancia de Guadalupe'),
(619, 7, 'Estancia Vieja'),
(620, 7, 'Etruria'),
(621, 7, 'Eufrasio Loza'),
(622, 7, 'Falda del Carmen'),
(623, 7, 'Freyre'),
(624, 7, 'Gral. Baldissera'),
(625, 7, 'Gral. Cabrera'),
(626, 7, 'Gral. Deheza'),
(627, 7, 'Gral. Fotheringham'),
(628, 7, 'Gral. Levalle'),
(629, 7, 'Gral. Roca'),
(630, 7, 'Guanaco Muerto'),
(631, 7, 'Guasapampa'),
(632, 7, 'Guatimozin'),
(633, 7, 'Gutenberg'),
(634, 7, 'Hernando'),
(635, 7, 'Huanchillas'),
(636, 7, 'Huerta Grande'),
(637, 7, 'Huinca Renanco'),
(638, 7, 'Idiazabal'),
(639, 7, 'Impira'),
(640, 7, 'Inriville'),
(641, 7, 'Isla Verde'),
(642, 7, 'Ital贸'),
(643, 7, 'James Craik'),
(644, 7, 'Jes煤s Mar铆a'),
(645, 7, 'Jovita'),
(646, 7, 'Justiniano Posse'),
(647, 7, 'Km 658'),
(648, 7, 'L. V. Mansilla'),
(649, 7, 'La Batea'),
(650, 7, 'La Calera'),
(651, 7, 'La Carlota'),
(652, 7, 'La Carolina'),
(653, 7, 'La Cautiva'),
(654, 7, 'La Cesira'),
(655, 7, 'La Cruz'),
(656, 7, 'La Cumbre'),
(657, 7, 'La Cumbrecita'),
(658, 7, 'La Falda'),
(659, 7, 'La Francia'),
(660, 7, 'La Granja'),
(661, 7, 'La Higuera'),
(662, 7, 'La Laguna'),
(663, 7, 'La Paisanita'),
(664, 7, 'La Palestina'),
(665, 7, '12'),
(666, 7, 'La Paquita'),
(667, 7, 'La Para'),
(668, 7, 'La Paz'),
(669, 7, 'La Playa'),
(670, 7, 'La Playosa'),
(671, 7, 'La Poblaci贸n'),
(672, 7, 'La Posta'),
(673, 7, 'La Puerta'),
(674, 7, 'La Quinta'),
(675, 7, 'La Rancherita'),
(676, 7, 'La Rinconada'),
(677, 7, 'La Serranita'),
(678, 7, 'La Tordilla'),
(679, 7, 'Laborde'),
(680, 7, 'Laboulaye'),
(681, 7, 'Laguna Larga'),
(682, 7, 'Las Acequias'),
(683, 7, 'Las Albahacas'),
(684, 7, 'Las Arrias'),
(685, 7, 'Las Bajadas'),
(686, 7, 'Las Caleras'),
(687, 7, 'Las Calles'),
(688, 7, 'Las Ca帽adas'),
(689, 7, 'Las Gramillas'),
(690, 7, 'Las Higueras'),
(691, 7, 'Las Isletillas'),
(692, 7, 'Las Junturas'),
(693, 7, 'Las Palmas'),
(694, 7, 'Las Pe帽as'),
(695, 7, 'Las Pe帽as Sud'),
(696, 7, 'Las Perdices'),
(697, 7, 'Las Playas'),
(698, 7, 'Las Rabonas'),
(699, 7, 'Las Saladas'),
(700, 7, 'Las Tapias'),
(701, 7, 'Las Varas'),
(702, 7, 'Las Varillas'),
(703, 7, 'Las Vertientes'),
(704, 7, 'Leguizam贸n'),
(705, 7, 'Leones'),
(706, 7, 'Los Cedros'),
(707, 7, 'Los Cerrillos'),
(708, 7, 'Los Cha帽aritos (C.E)'),
(709, 7, 'Los Chanaritos (R.S)'),
(710, 7, 'Los Cisnes'),
(711, 7, 'Los Cocos'),
(712, 7, 'Los C贸ndores'),
(713, 7, 'Los Hornillos'),
(714, 7, 'Los Hoyos'),
(715, 7, 'Los Mistoles'),
(716, 7, 'Los Molinos'),
(717, 7, 'Los Pozos'),
(718, 7, 'Los Reartes'),
(719, 7, 'Los Surgentes'),
(720, 7, 'Los Talares'),
(721, 7, 'Los Zorros'),
(722, 7, 'Lozada'),
(723, 7, 'Luca'),
(724, 7, 'Luque'),
(725, 7, 'Luyaba'),
(726, 7, 'Malague帽o'),
(727, 7, 'Malena'),
(728, 7, 'Malvinas Argentinas'),
(729, 7, 'Manfredi'),
(730, 7, 'Maquinista Gallini'),
(731, 7, 'Marcos Ju谩rez'),
(732, 7, 'Marull'),
(733, 7, 'Matorrales'),
(734, 7, 'Mattaldi'),
(735, 7, 'Mayu Sumaj'),
(736, 7, 'Media Naranja'),
(737, 7, 'Melo'),
(738, 7, 'Mendiolaza'),
(739, 7, 'Mi Granja'),
(740, 7, 'Mina Clavero'),
(741, 7, 'Miramar'),
(742, 7, 'Morrison'),
(743, 7, 'Morteros'),
(744, 7, 'Mte. Buey'),
(745, 7, 'Mte. Cristo'),
(746, 7, 'Mte. De Los Gauchos'),
(747, 7, 'Mte. Le帽a'),
(748, 7, 'Mte. Ma铆z'),
(749, 7, 'Mte. Ralo'),
(750, 7, 'Nicol谩s Bruzone'),
(751, 7, 'Noetinger'),
(752, 7, 'Nono'),
(753, 7, 'Nueva 7'),
(754, 7, 'Obispo Trejo'),
(755, 7, 'Olaeta'),
(756, 7, 'Oliva'),
(757, 7, 'Olivares San Nicol谩s'),
(758, 7, 'Onagolty'),
(759, 7, 'Oncativo'),
(760, 7, 'Ordo帽ez'),
(761, 7, 'Pacheco De Melo'),
(762, 7, 'Pampayasta N.'),
(763, 7, 'Pampayasta S.'),
(764, 7, 'Panaholma'),
(765, 7, 'Pascanas'),
(766, 7, 'Pasco'),
(767, 7, 'Paso del Durazno'),
(768, 7, 'Paso Viejo'),
(769, 7, 'Pilar'),
(770, 7, 'Pinc茅n'),
(771, 7, 'Piquill铆n'),
(772, 7, 'Plaza de Mercedes'),
(773, 7, 'Plaza Luxardo'),
(774, 7, 'Porte帽a'),
(775, 7, 'Potrero de Garay'),
(776, 7, 'Pozo del Molle'),
(777, 7, 'Pozo Nuevo'),
(778, 7, 'Pueblo Italiano'),
(779, 7, 'Puesto de Castro'),
(780, 7, 'Punta del Agua'),
(781, 7, 'Quebracho Herrado'),
(782, 7, 'Quilino'),
(783, 7, 'Rafael Garc铆a'),
(784, 7, 'Ranqueles'),
(785, 7, 'Rayo Cortado'),
(786, 7, 'Reducci贸n'),
(787, 7, 'Rinc贸n'),
(788, 7, 'R铆o Bamba'),
(789, 7, 'R铆o Ceballos'),
(790, 7, 'R铆o Cuarto'),
(791, 7, 'R铆o de Los Sauces'),
(792, 7, 'R铆o Primero'),
(793, 7, 'R铆o Segundo'),
(794, 7, 'R铆o Tercero'),
(795, 7, 'Rosales'),
(796, 7, 'Rosario del Saladillo'),
(797, 7, 'Sacanta'),
(798, 7, 'Sagrada Familia'),
(799, 7, 'Saira'),
(800, 7, 'Saladillo'),
(801, 7, 'Sald谩n'),
(802, 7, 'Salsacate'),
(803, 7, 'Salsipuedes'),
(804, 7, 'Sampacho'),
(805, 7, 'San Agust铆n'),
(806, 7, 'San Antonio de Arredondo'),
(807, 7, 'San Antonio de Lit铆n'),
(808, 7, 'San Basilio'),
(809, 7, 'San Carlos Minas'),
(810, 7, 'San Clemente'),
(811, 7, 'San Esteban'),
(812, 7, 'San Francisco'),
(813, 7, 'San Ignacio'),
(814, 7, 'San Javier'),
(815, 7, 'San Jer贸nimo'),
(816, 7, 'San Joaqu铆n'),
(817, 7, 'San Jos茅 de La Dormida'),
(818, 7, 'San Jos茅 de Las Salinas'),
(819, 7, 'San Lorenzo'),
(820, 7, 'San Marcos Sierras'),
(821, 7, 'San Marcos Sud'),
(822, 7, 'San Pedro'),
(823, 7, 'San Pedro N.'),
(824, 7, 'San Roque'),
(825, 7, 'San Vicente'),
(826, 7, 'Santa Catalina'),
(827, 7, 'Santa Elena'),
(828, 7, 'Santa Eufemia'),
(829, 7, 'Santa Maria'),
(830, 7, 'Sarmiento'),
(831, 7, 'Saturnino M.Laspiur'),
(832, 7, 'Sauce Arriba'),
(833, 7, 'Sebasti谩n Elcano'),
(834, 7, 'Seeber'),
(835, 7, 'Segunda Usina'),
(836, 7, 'Serrano'),
(837, 7, 'Serrezuela'),
(838, 7, 'Sgo. Temple'),
(839, 7, 'Silvio Pellico'),
(840, 7, 'Simbolar'),
(841, 7, 'Sinsacate'),
(842, 7, 'Sta. Rosa de Calamuchita'),
(843, 7, 'Sta. Rosa de R铆o Primero'),
(844, 7, 'Suco'),
(845, 7, 'Tala Ca帽ada'),
(846, 7, 'Tala Huasi'),
(847, 7, 'Talaini'),
(848, 7, 'Tancacha'),
(849, 7, 'Tanti'),
(850, 7, 'Ticino'),
(851, 7, 'Tinoco'),
(852, 7, 'T铆o Pujio'),
(853, 7, 'Toledo'),
(854, 7, 'Toro Pujio'),
(855, 7, 'Tosno'),
(856, 7, 'Tosquita'),
(857, 7, 'Tr谩nsito'),
(858, 7, 'Tuclame'),
(859, 7, 'Tutti'),
(860, 7, 'Ucacha'),
(861, 7, 'Unquillo'),
(862, 7, 'Valle de Anisacate'),
(863, 7, 'Valle Hermoso'),
(864, 7, 'V茅lez Sarfield'),
(865, 7, 'Viamonte'),
(866, 7, 'Vicu帽a Mackenna'),
(867, 7, 'Villa Allende'),
(868, 7, 'Villa Amancay'),
(869, 7, 'Villa Ascasubi'),
(870, 7, 'Villa Candelaria N.'),
(871, 7, 'Villa Carlos Paz'),
(872, 7, 'Villa Cerro Azul'),
(873, 7, 'Villa Ciudad de Am茅rica'),
(874, 7, 'Villa Ciudad Pque Los Reartes'),
(875, 7, 'Villa Concepci贸n del T铆o'),
(876, 7, 'Villa Cura Brochero'),
(877, 7, 'Villa de Las Rosas'),
(878, 7, 'Villa de Mar铆a'),
(879, 7, 'Villa de Pocho'),
(880, 7, 'Villa de Soto'),
(881, 7, 'Villa del Dique'),
(882, 7, 'Villa del Prado'),
(883, 7, 'Villa del Rosario'),
(884, 7, 'Villa del Totoral'),
(885, 7, 'Villa Dolores'),
(886, 7, 'Villa El Chancay'),
(887, 7, 'Villa Elisa'),
(888, 7, 'Villa Flor Serrana'),
(889, 7, 'Villa Fontana'),
(890, 7, 'Villa Giardino'),
(891, 7, 'Villa Gral. Belgrano'),
(892, 7, 'Villa Gutierrez'),
(893, 7, 'Villa Huidobro'),
(894, 7, 'Villa La Bolsa'),
(895, 7, 'Villa Los Aromos'),
(896, 7, 'Villa Los Patos'),
(897, 7, 'Villa Mar铆a'),
(898, 7, 'Villa Nueva'),
(899, 7, 'Villa Pque. Santa Ana'),
(900, 7, 'Villa Pque. Siquiman'),
(901, 7, 'Villa Quillinzo'),
(902, 7, 'Villa Rossi'),
(903, 7, 'Villa Rumipal'),
(904, 7, 'Villa San Esteban'),
(905, 7, 'Villa San Isidro'),
(906, 7, 'Villa 21'),
(907, 7, 'Villa Sarmiento (G.R)'),
(908, 7, 'Villa Sarmiento (S.A)'),
(909, 7, 'Villa Tulumba'),
(910, 7, 'Villa Valeria'),
(911, 7, 'Villa Yacanto'),
(912, 7, 'Washington'),
(913, 7, 'Wenceslao Escalante'),
(914, 7, 'Ycho Cruz Sierras'),
(915, 8, 'Alvear'),
(916, 8, 'Bella Vista'),
(917, 8, 'Ber贸n de Astrada'),
(918, 8, 'Bonpland'),
(919, 8, 'Ca谩 Cati'),
(920, 8, 'Capital'),
(921, 8, 'Chavarr铆a'),
(922, 8, 'Col. C. Pellegrini'),
(923, 8, 'Col. Libertad'),
(924, 8, 'Col. Liebig'),
(925, 8, 'Col. Sta Rosa'),
(926, 8, 'Concepci贸n'),
(927, 8, 'Cruz de Los Milagros'),
(928, 8, 'Curuz煤-Cuati谩'),
(929, 8, 'Empedrado'),
(930, 8, 'Esquina'),
(931, 8, 'Estaci贸n Torrent'),
(932, 8, 'Felipe Yofr茅'),
(933, 8, 'Garruchos'),
(934, 8, 'Gdor. Agr贸nomo'),
(935, 8, 'Gdor. Mart铆nez'),
(936, 8, 'Goya'),
(937, 8, 'Guaviravi'),
(938, 8, 'Herlitzka'),
(939, 8, 'Ita-Ibate'),
(940, 8, 'Itat铆'),
(941, 8, 'Ituzaing贸'),
(942, 8, 'Jos茅 Rafael G贸mez'),
(943, 8, 'Juan Pujol'),
(944, 8, 'La Cruz'),
(945, 8, 'Lavalle'),
(946, 8, 'Lomas de Vallejos'),
(947, 8, 'Loreto'),
(948, 8, 'Mariano I. Loza'),
(949, 8, 'Mburucuy谩'),
(950, 8, 'Mercedes'),
(951, 8, 'Mocoret谩'),
(952, 8, 'Mte. Caseros'),
(953, 8, 'Nueve de Julio'),
(954, 8, 'Palmar Grande'),
(955, 8, 'Parada Pucheta'),
(956, 8, 'Paso de La Patria'),
(957, 8, 'Paso de Los Libres'),
(958, 8, 'Pedro R. Fernandez'),
(959, 8, 'Perugorr铆a'),
(960, 8, 'Pueblo Libertador'),
(961, 8, 'Ramada Paso'),
(962, 8, 'Riachuelo'),
(963, 8, 'Saladas'),
(964, 8, 'San Antonio'),
(965, 8, 'San Carlos'),
(966, 8, 'San Cosme'),
(967, 8, 'San Lorenzo'),
(968, 8, '20 del Palmar'),
(969, 8, 'San Miguel'),
(970, 8, 'San Roque'),
(971, 8, 'Santa Ana'),
(972, 8, 'Santa Luc铆a'),
(973, 8, 'Santo Tom茅'),
(974, 8, 'Sauce'),
(975, 8, 'Tabay'),
(976, 8, 'Tapebicu谩'),
(977, 8, 'Tatacua'),
(978, 8, 'Virasoro'),
(979, 8, 'Yapey煤'),
(980, 8, 'Yatait铆 Calle'),
(981, 9, 'Alarc贸n'),
(982, 9, 'Alcaraz'),
(983, 9, 'Alcaraz N.'),
(984, 9, 'Alcaraz S.'),
(985, 9, 'Aldea Asunci贸n'),
(986, 9, 'Aldea Brasilera'),
(987, 9, 'Aldea Elgenfeld'),
(988, 9, 'Aldea Grapschental'),
(989, 9, 'Aldea Ma. Luisa'),
(990, 9, 'Aldea Protestante'),
(991, 9, 'Aldea Salto'),
(992, 9, 'Aldea San Antonio (G)'),
(993, 9, 'Aldea San Antonio (P)'),
(994, 9, 'Aldea 19'),
(995, 9, 'Aldea San Miguel'),
(996, 9, 'Aldea San Rafael'),
(997, 9, 'Aldea Spatzenkutter'),
(998, 9, 'Aldea Sta. Mar铆a'),
(999, 9, 'Aldea Sta. Rosa'),
(1000, 9, 'Aldea Valle Mar铆a'),
(1001, 9, 'Altamirano Sur'),
(1002, 9, 'Antelo'),
(1003, 9, 'Antonio Tom谩s'),
(1004, 9, 'Aranguren'),
(1005, 9, 'Arroyo Bar煤'),
(1006, 9, 'Arroyo Burgos'),
(1007, 9, 'Arroyo Cl茅'),
(1008, 9, 'Arroyo Corralito'),
(1009, 9, 'Arroyo del Medio'),
(1010, 9, 'Arroyo Maturrango'),
(1011, 9, 'Arroyo Palo Seco'),
(1012, 9, 'Banderas'),
(1013, 9, 'Basavilbaso'),
(1014, 9, 'Betbeder'),
(1015, 9, 'Bovril'),
(1016, 9, 'Caseros'),
(1017, 9, 'Ceibas'),
(1018, 9, 'Cerrito'),
(1019, 9, 'Chajar铆'),
(1020, 9, 'Chilcas'),
(1021, 9, 'Clodomiro Ledesma'),
(1022, 9, 'Col. Alemana'),
(1023, 9, 'Col. Avellaneda'),
(1024, 9, 'Col. Avigdor'),
(1025, 9, 'Col. Ayu铆'),
(1026, 9, 'Col. Baylina'),
(1027, 9, 'Col. Carrasco'),
(1028, 9, 'Col. Celina'),
(1029, 9, 'Col. Cerrito'),
(1030, 9, 'Col. Crespo'),
(1031, 9, 'Col. Elia'),
(1032, 9, 'Col. Ensayo'),
(1033, 9, 'Col. Gral. Roca'),
(1034, 9, 'Col. La Argentina'),
(1035, 9, 'Col. Merou'),
(1036, 9, 'Col. Oficial N陋3'),
(1037, 9, 'Col. Oficial N潞13'),
(1038, 9, 'Col. Oficial N潞14'),
(1039, 9, 'Col. Oficial N潞5'),
(1040, 9, 'Col. Reffino'),
(1041, 9, 'Col. Tunas'),
(1042, 9, 'Col. Virar贸'),
(1043, 9, 'Col贸n'),
(1044, 9, 'Concepci贸n del Uruguay'),
(1045, 9, 'Concordia'),
(1046, 9, 'Conscripto Bernardi'),
(1047, 9, 'Costa Grande'),
(1048, 9, 'Costa San Antonio'),
(1049, 9, 'Costa Uruguay N.'),
(1050, 9, 'Costa Uruguay S.'),
(1051, 9, 'Crespo'),
(1052, 9, 'Crucecitas 3陋'),
(1053, 9, 'Crucecitas 7陋'),
(1054, 9, 'Crucecitas 8陋'),
(1055, 9, 'Cuchilla Redonda'),
(1056, 9, 'Curtiembre'),
(1057, 9, 'Diamante'),
(1058, 9, 'Distrito 6潞'),
(1059, 9, 'Distrito Cha帽ar'),
(1060, 9, 'Distrito Chiqueros'),
(1061, 9, 'Distrito Cuarto'),
(1062, 9, 'Distrito Diego L贸pez'),
(1063, 9, 'Distrito Pajonal'),
(1064, 9, 'Distrito Sauce'),
(1065, 9, 'Distrito Tala'),
(1066, 9, 'Distrito Talitas'),
(1067, 9, 'Don Crist贸bal 1陋 Secci贸n'),
(1068, 9, 'Don Crist贸bal 2陋 Secci贸n'),
(1069, 9, 'Durazno'),
(1070, 9, 'El Cimarr贸n'),
(1071, 9, 'El Gramillal'),
(1072, 9, 'El Palenque'),
(1073, 9, 'El Pingo'),
(1074, 9, 'El Quebracho'),
(1075, 9, 'El Redom贸n'),
(1076, 9, 'El Solar'),
(1077, 9, 'Enrique Carbo'),
(1078, 9, '9'),
(1079, 9, 'Espinillo N.'),
(1080, 9, 'Estaci贸n Campos'),
(1081, 9, 'Estaci贸n Escri帽a'),
(1082, 9, 'Estaci贸n Lazo'),
(1083, 9, 'Estaci贸n Ra铆ces'),
(1084, 9, 'Estaci贸n Yer煤a'),
(1085, 9, 'Estancia Grande'),
(1086, 9, 'Estancia L铆baros'),
(1087, 9, 'Estancia Racedo'),
(1088, 9, 'Estancia Sol谩'),
(1089, 9, 'Estancia Yuquer铆'),
(1090, 9, 'Estaquitas'),
(1091, 9, 'Faustino M. Parera'),
(1092, 9, 'Febre'),
(1093, 9, 'Federaci贸n'),
(1094, 9, 'Federal'),
(1095, 9, 'Gdor. Echag眉e'),
(1096, 9, 'Gdor. Mansilla'),
(1097, 9, 'Gilbert'),
(1098, 9, 'Gonz谩lez Calder贸n'),
(1099, 9, 'Gral. Almada'),
(1100, 9, 'Gral. Alvear'),
(1101, 9, 'Gral. Campos'),
(1102, 9, 'Gral. Galarza'),
(1103, 9, 'Gral. Ram铆rez'),
(1104, 9, 'Gualeguay'),
(1105, 9, 'Gualeguaych煤'),
(1106, 9, 'Gualeguaycito'),
(1107, 9, 'Guardamonte'),
(1108, 9, 'Hambis'),
(1109, 9, 'Hasenkamp'),
(1110, 9, 'Hernandarias'),
(1111, 9, 'Hern谩ndez'),
(1112, 9, 'Herrera'),
(1113, 9, 'Hinojal'),
(1114, 9, 'Hocker'),
(1115, 9, 'Ing. Sajaroff'),
(1116, 9, 'Irazusta'),
(1117, 9, 'Isletas'),
(1118, 9, 'J.J De Urquiza'),
(1119, 9, 'Jubileo'),
(1120, 9, 'La Clarita'),
(1121, 9, 'La Criolla'),
(1122, 9, 'La Esmeralda'),
(1123, 9, 'La Florida'),
(1124, 9, 'La Fraternidad'),
(1125, 9, 'La Hierra'),
(1126, 9, 'La Ollita'),
(1127, 9, 'La Paz'),
(1128, 9, 'La Picada'),
(1129, 9, 'La Providencia'),
(1130, 9, 'La Verbena'),
(1131, 9, 'Laguna Ben铆tez'),
(1132, 9, 'Larroque'),
(1133, 9, 'Las Cuevas'),
(1134, 9, 'Las Garzas'),
(1135, 9, 'Las Guachas'),
(1136, 9, 'Las Mercedes'),
(1137, 9, 'Las Moscas'),
(1138, 9, 'Las Mulitas'),
(1139, 9, 'Las Toscas'),
(1140, 9, 'Laurencena'),
(1141, 9, 'Libertador San Mart铆n'),
(1142, 9, 'Loma Limpia'),
(1143, 9, 'Los Ceibos'),
(1144, 9, 'Los Charruas'),
(1145, 9, 'Los Conquistadores'),
(1146, 9, 'Lucas Gonz谩lez'),
(1147, 9, 'Lucas N.'),
(1148, 9, 'Lucas S. 1陋'),
(1149, 9, 'Lucas S. 2陋'),
(1150, 9, 'Maci谩'),
(1151, 9, 'Mar铆a Grande'),
(1152, 9, 'Mar铆a Grande 2陋'),
(1153, 9, 'M茅danos'),
(1154, 9, 'Mojones N.'),
(1155, 9, 'Mojones S.'),
(1156, 9, 'Molino Doll'),
(1157, 9, 'Monte Redondo'),
(1158, 9, 'Montoya'),
(1159, 9, 'Mulas Grandes'),
(1160, 9, 'ancay'),
(1161, 9, 'Nogoy谩'),
(1162, 9, 'Nueva Escocia'),
(1163, 9, 'Nueva Vizcaya'),
(1164, 9, 'Omb煤'),
(1165, 9, 'Oro Verde'),
(1166, 9, 'Paran谩'),
(1167, 9, 'Pasaje Guayaquil'),
(1168, 9, 'Pasaje Las Tunas'),
(1169, 9, 'Paso de La Arena'),
(1170, 9, 'Paso de La Laguna'),
(1171, 9, 'Paso de Las Piedras'),
(1172, 9, 'Paso Duarte'),
(1173, 9, 'Pastor Britos'),
(1174, 9, 'Pedernal'),
(1175, 9, 'Perdices'),
(1176, 9, 'Picada Ber贸n'),
(1177, 9, 'Piedras Blancas'),
(1178, 9, 'Primer Distrito Cuchilla'),
(1179, 9, 'Primero de Mayo'),
(1180, 9, 'Pronunciamiento'),
(1181, 9, 'Pto. Algarrobo'),
(1182, 9, 'Pto. Ibicuy'),
(1183, 9, 'Pueblo Brugo'),
(1184, 9, 'Pueblo Cazes'),
(1185, 9, 'Pueblo Gral. Belgrano'),
(1186, 9, 'Pueblo Liebig'),
(1187, 9, 'Puerto Yeru谩'),
(1188, 9, 'Punta del Monte'),
(1189, 9, 'Quebracho'),
(1190, 9, 'Quinto Distrito'),
(1191, 9, 'Raices Oeste'),
(1192, 9, 'Rinc贸n de Nogoy谩'),
(1193, 9, 'Rinc贸n del Cinto'),
(1194, 9, 'Rinc贸n del Doll'),
(1195, 9, 'Rinc贸n del Gato'),
(1196, 9, 'Rocamora'),
(1197, 9, 'Rosario del Tala'),
(1198, 9, 'San Benito'),
(1199, 9, 'San Cipriano'),
(1200, 9, 'San Ernesto'),
(1201, 9, 'San Gustavo'),
(1202, 9, 'San Jaime'),
(1203, 9, 'San Jos茅'),
(1204, 9, 'San Jos茅 de Feliciano'),
(1205, 9, 'San Justo'),
(1206, 9, 'San Marcial'),
(1207, 9, 'San Pedro'),
(1208, 9, 'San Ram铆rez'),
(1209, 9, 'San Ram贸n'),
(1210, 9, 'San Roque'),
(1211, 9, 'San Salvador'),
(1212, 9, 'San V铆ctor'),
(1213, 9, 'Santa Ana'),
(1214, 9, 'Santa Anita'),
(1215, 9, 'Santa Elena'),
(1216, 9, 'Santa Luc铆a'),
(1217, 9, 'Santa Luisa'),
(1218, 9, 'Sauce de Luna'),
(1219, 9, 'Sauce Montrull'),
(1220, 9, 'Sauce Pinto'),
(1221, 9, 'Sauce Sur'),
(1222, 9, 'Segu铆'),
(1223, 9, 'Sir Leonard'),
(1224, 9, 'Sosa'),
(1225, 9, 'Tabossi'),
(1226, 9, 'Tezanos Pinto'),
(1227, 9, 'Ubajay'),
(1228, 9, 'Urdinarrain'),
(1229, 9, 'Veinte de Septiembre'),
(1230, 9, 'Viale'),
(1231, 9, 'Victoria'),
(1232, 9, 'Villa Clara'),
(1233, 9, 'Villa del Rosario'),
(1234, 9, 'Villa Dom铆nguez'),
(1235, 9, 'Villa Elisa'),
(1236, 9, 'Villa Fontana'),
(1237, 9, 'Villa Gdor. Etchevehere'),
(1238, 9, 'Villa Mantero'),
(1239, 9, 'Villa Paranacito'),
(1240, 9, 'Villa Urquiza'),
(1241, 9, 'Villaguay'),
(1242, 9, 'Walter Moss'),
(1243, 9, 'Yacar茅'),
(1244, 9, 'Yeso Oeste'),
(1245, 10, 'Buena Vista'),
(1246, 10, 'Clorinda'),
(1247, 10, 'Col. Pastoril'),
(1248, 10, 'Cte. Fontana'),
(1249, 10, 'El Colorado'),
(1250, 10, 'El Espinillo'),
(1251, 10, 'Estanislao Del Campo'),
(1252, 10, '10'),
(1253, 10, 'Fort铆n Lugones'),
(1254, 10, 'Gral. Lucio V. Mansilla'),
(1255, 10, 'Gral. Manuel Belgrano'),
(1256, 10, 'Gral. Mosconi'),
(1257, 10, 'Gran Guardia'),
(1258, 10, 'Herradura'),
(1259, 10, 'Ibarreta'),
(1260, 10, 'Ing. Ju谩rez'),
(1261, 10, 'Laguna Blanca'),
(1262, 10, 'Laguna Naick Neck'),
(1263, 10, 'Laguna Yema'),
(1264, 10, 'Las Lomitas'),
(1265, 10, 'Los Chiriguanos'),
(1266, 10, 'Mayor V. Villafa帽e'),
(1267, 10, 'Misi贸n San Fco.'),
(1268, 10, 'Palo Santo'),
(1269, 10, 'Piran茅'),
(1270, 10, 'Pozo del Maza'),
(1271, 10, 'Riacho He-He'),
(1272, 10, 'San Hilario'),
(1273, 10, 'San Mart铆n II'),
(1274, 10, 'Siete Palmas'),
(1275, 10, 'Subteniente Per铆n'),
(1276, 10, 'Tres Lagunas'),
(1277, 10, 'Villa Dos Trece'),
(1278, 10, 'Villa Escolar'),
(1279, 10, 'Villa Gral. G眉emes'),
(1280, 11, 'Abdon Castro Tolay'),
(1281, 11, 'Abra Pampa'),
(1282, 11, 'Abralaite'),
(1283, 11, 'Aguas Calientes'),
(1284, 11, 'Arrayanal'),
(1285, 11, 'Barrios'),
(1286, 11, 'Caimancito'),
(1287, 11, 'Calilegua'),
(1288, 11, 'Cangrejillos'),
(1289, 11, 'Caspala'),
(1290, 11, 'Catu谩'),
(1291, 11, 'Cieneguillas'),
(1292, 11, 'Coranzulli'),
(1293, 11, 'Cusi-Cusi'),
(1294, 11, 'El Aguilar'),
(1295, 11, 'El Carmen'),
(1296, 11, 'El C贸ndor'),
(1297, 11, 'El Fuerte'),
(1298, 11, 'El Piquete'),
(1299, 11, 'El Talar'),
(1300, 11, 'Fraile Pintado'),
(1301, 11, 'Hip贸lito Yrigoyen'),
(1302, 11, 'Huacalera'),
(1303, 11, 'Humahuaca'),
(1304, 11, 'La Esperanza'),
(1305, 11, 'La Mendieta'),
(1306, 11, 'La Quiaca'),
(1307, 11, 'Ledesma'),
(1308, 11, 'Libertador Gral. San Martin'),
(1309, 11, 'Maimara'),
(1310, 11, 'Mina Pirquitas'),
(1311, 11, 'Monterrico'),
(1312, 11, 'Palma Sola'),
(1313, 11, 'Palpal谩'),
(1314, 11, 'Pampa Blanca'),
(1315, 11, 'Pampichuela'),
(1316, 11, 'Perico'),
(1317, 11, 'Puesto del Marqu茅s'),
(1318, 11, 'Puesto Viejo'),
(1319, 11, 'Pumahuasi'),
(1320, 11, 'Purmamarca'),
(1321, 11, 'Rinconada'),
(1322, 11, 'Rodeitos'),
(1323, 11, 'Rosario de R铆o Grande'),
(1324, 11, 'San Antonio'),
(1325, 11, 'San Francisco'),
(1326, 11, 'San Pedro'),
(1327, 11, 'San Rafael'),
(1328, 11, 'San Salvador'),
(1329, 11, 'Santa Ana'),
(1330, 11, 'Santa Catalina'),
(1331, 11, 'Santa Clara'),
(1332, 11, 'Susques'),
(1333, 11, 'Tilcara'),
(1334, 11, 'Tres Cruces'),
(1335, 11, 'Tumbaya'),
(1336, 11, 'Valle Grande'),
(1337, 11, 'Vinalito'),
(1338, 11, 'Volc谩n'),
(1339, 11, 'Yala'),
(1340, 11, 'Yav铆'),
(1341, 11, 'Yuto'),
(1342, 12, 'Abramo'),
(1343, 12, 'Adolfo Van Praet'),
(1344, 12, 'Agustoni'),
(1345, 12, 'Algarrobo del Aguila'),
(1346, 12, 'Alpachiri'),
(1347, 12, 'Alta Italia'),
(1348, 12, 'Anguil'),
(1349, 12, 'Arata'),
(1350, 12, 'Ataliva Roca'),
(1351, 12, 'Bernardo Larroude'),
(1352, 12, 'Bernasconi'),
(1353, 12, 'Caleuf煤'),
(1354, 12, 'Carro Quemado'),
(1355, 12, 'Catril贸'),
(1356, 12, 'Ceballos'),
(1357, 12, 'Chacharramendi'),
(1358, 12, 'Col. Bar贸n'),
(1359, 12, 'Col. Santa Mar铆a'),
(1360, 12, 'Conhelo'),
(1361, 12, 'Coronel Hilario Lagos'),
(1362, 12, 'Cuchillo-C贸'),
(1363, 12, 'Doblas'),
(1364, 12, 'Dorila'),
(1365, 12, 'Eduardo Castex'),
(1366, 12, 'Embajador Martini'),
(1367, 12, 'Falucho'),
(1368, 12, 'Gral. Acha'),
(1369, 12, 'Gral. Manuel Campos'),
(1370, 12, 'Gral. Pico'),
(1371, 12, 'Guatrach茅'),
(1372, 12, 'Ing. Luiggi'),
(1373, 12, 'Intendente Alvear'),
(1374, 12, 'Jacinto Arauz'),
(1375, 12, 'La Adela'),
(1376, 12, 'La Humada'),
(1377, 12, 'La Maruja'),
(1378, 12, '12'),
(1379, 12, 'La Reforma'),
(1380, 12, 'Limay Mahuida'),
(1381, 12, 'Lonquimay'),
(1382, 12, 'Loventuel'),
(1383, 12, 'Luan Toro'),
(1384, 12, 'Macach铆n'),
(1385, 12, 'Maisonnave'),
(1386, 12, 'Mauricio Mayer'),
(1387, 12, 'Metileo'),
(1388, 12, 'Miguel Can茅'),
(1389, 12, 'Miguel Riglos'),
(1390, 12, 'Monte Nievas'),
(1391, 12, 'Parera'),
(1392, 12, 'Per煤'),
(1393, 12, 'Pichi-Huinca'),
(1394, 12, 'Puelches'),
(1395, 12, 'Puel茅n'),
(1396, 12, 'Quehue'),
(1397, 12, 'Quem煤 Quem煤'),
(1398, 12, 'Quetrequ茅n'),
(1399, 12, 'Rancul'),
(1400, 12, 'Realic贸'),
(1401, 12, 'Relmo'),
(1402, 12, 'Rol贸n'),
(1403, 12, 'Rucanelo'),
(1404, 12, 'Sarah'),
(1405, 12, 'Speluzzi'),
(1406, 12, 'Sta. Isabel'),
(1407, 12, 'Sta. Rosa'),
(1408, 12, 'Sta. Teresa'),
(1409, 12, 'Tel茅n'),
(1410, 12, 'Toay'),
(1411, 12, 'Tomas M. de Anchorena'),
(1412, 12, 'Trenel'),
(1413, 12, 'Unanue'),
(1414, 12, 'Uriburu'),
(1415, 12, 'Veinticinco de Mayo'),
(1416, 12, 'Vertiz'),
(1417, 12, 'Victorica'),
(1418, 12, 'Villa Mirasol'),
(1419, 12, 'Winifreda'),
(1420, 13, 'Arauco'),
(1421, 13, 'Capital'),
(1422, 13, 'Castro Barros'),
(1423, 13, 'Chamical'),
(1424, 13, 'Chilecito'),
(1425, 13, 'Coronel F. Varela'),
(1426, 13, 'Famatina'),
(1427, 13, 'Gral. A.V.Pe帽aloza'),
(1428, 13, 'Gral. Belgrano'),
(1429, 13, 'Gral. J.F. Quiroga'),
(1430, 13, 'Gral. Lamadrid'),
(1431, 13, 'Gral. Ocampo'),
(1432, 13, 'Gral. San Mart铆n'),
(1433, 13, 'Independencia'),
(1434, 13, 'Rosario Penaloza'),
(1435, 13, 'San Blas de Los Sauces'),
(1436, 13, 'Sanagasta'),
(1437, 13, 'Vinchina'),
(1438, 14, 'Capital'),
(1439, 14, 'Chacras de Coria'),
(1440, 14, 'Dorrego'),
(1441, 14, 'Gllen'),
(1442, 14, 'Godoy Cruz'),
(1443, 14, 'Gral. Alvear'),
(1444, 14, 'Guaymall茅n'),
(1445, 14, 'Jun铆n'),
(1446, 14, 'La Paz'),
(1447, 14, 'Las Heras'),
(1448, 14, 'Lavalle'),
(1449, 14, 'Luj谩n'),
(1450, 14, 'Luj谩n De Cuyo'),
(1451, 14, 'Maip煤'),
(1452, 14, 'Malarg眉e'),
(1453, 14, 'Rivadavia'),
(1454, 14, 'San Carlos'),
(1455, 14, 'San Mart铆n'),
(1456, 14, 'San Rafael'),
(1457, 14, 'Sta. Rosa'),
(1458, 14, 'Tunuy谩n'),
(1459, 14, 'Tupungato'),
(1460, 14, 'Villa Nueva'),
(1461, 15, 'Alba Posse'),
(1462, 15, 'Almafuerte'),
(1463, 15, 'Ap贸stoles'),
(1464, 15, 'Arist贸bulo Del Valle'),
(1465, 15, 'Arroyo Del Medio'),
(1466, 15, 'Azara'),
(1467, 15, 'Bdo. De Irigoyen'),
(1468, 15, 'Bonpland'),
(1469, 15, 'Ca谩 Yari'),
(1470, 15, 'Campo Grande'),
(1471, 15, 'Campo Ram贸n'),
(1472, 15, 'Campo Viera'),
(1473, 15, 'Candelaria'),
(1474, 15, 'Capiov铆'),
(1475, 15, 'Caraguatay'),
(1476, 15, 'Cdte. Guacurar铆'),
(1477, 15, 'Cerro Azul'),
(1478, 15, 'Cerro Cor谩'),
(1479, 15, 'Col. Alberdi'),
(1480, 15, 'Col. Aurora'),
(1481, 15, 'Col. Delicia'),
(1482, 15, 'Col. Polana'),
(1483, 15, 'Col. Victoria'),
(1484, 15, 'Col. Wanda'),
(1485, 15, 'Concepci贸n De La Sierra'),
(1486, 15, 'Corpus'),
(1487, 15, 'Dos Arroyos'),
(1488, 15, 'Dos de Mayo'),
(1489, 15, 'El Alc谩zar'),
(1490, 15, 'El Dorado'),
(1491, 15, 'El Soberbio'),
(1492, 15, 'Esperanza'),
(1493, 15, 'F. Ameghino'),
(1494, 15, 'Fachinal'),
(1495, 15, 'Garuhap茅'),
(1496, 15, 'Garup谩'),
(1497, 15, 'Gdor. L贸pez'),
(1498, 15, 'Gdor. Roca'),
(1499, 15, 'Gral. Alvear'),
(1500, 15, 'Gral. Urquiza'),
(1501, 15, 'Guaran铆'),
(1502, 15, 'H. Yrigoyen'),
(1503, 15, 'Iguaz煤'),
(1504, 15, 'Itacaruar茅'),
(1505, 15, 'Jard铆n Am茅rica'),
(1506, 15, 'Leandro N. Alem'),
(1507, 15, 'Libertad'),
(1508, 15, 'Loreto'),
(1509, 15, 'Los Helechos'),
(1510, 15, 'M谩rtires'),
(1511, 15, '15'),
(1512, 15, 'Moj贸n Grande'),
(1513, 15, 'Montecarlo'),
(1514, 15, 'Nueve de Julio'),
(1515, 15, 'Ober谩'),
(1516, 15, 'Olegario V. Andrade'),
(1517, 15, 'Panamb铆'),
(1518, 15, 'Posadas'),
(1519, 15, 'Profundidad'),
(1520, 15, 'Pto. Iguaz煤'),
(1521, 15, 'Pto. Leoni'),
(1522, 15, 'Pto. Piray'),
(1523, 15, 'Pto. Rico'),
(1524, 15, 'Ruiz de Montoya'),
(1525, 15, 'San Antonio'),
(1526, 15, 'San Ignacio'),
(1527, 15, 'San Javier'),
(1528, 15, 'San Jos茅'),
(1529, 15, 'San Mart铆n'),
(1530, 15, 'San Pedro'),
(1531, 15, 'San Vicente'),
(1532, 15, 'Santiago De Liniers'),
(1533, 15, 'Santo Pipo'),
(1534, 15, 'Sta. Ana'),
(1535, 15, 'Sta. Mar铆a'),
(1536, 15, 'Tres Capones'),
(1537, 15, 'Veinticinco de Mayo'),
(1538, 15, 'Wanda'),
(1539, 16, 'Aguada San Roque'),
(1540, 16, 'Alumin茅'),
(1541, 16, 'Andacollo'),
(1542, 16, 'A帽elo'),
(1543, 16, 'Bajada del Agrio'),
(1544, 16, 'Barrancas'),
(1545, 16, 'Buta Ranquil'),
(1546, 16, 'Capital'),
(1547, 16, 'Caviahu茅'),
(1548, 16, 'Centenario'),
(1549, 16, 'Chorriaca'),
(1550, 16, 'Chos Malal'),
(1551, 16, 'Cipolletti'),
(1552, 16, 'Covunco Abajo'),
(1553, 16, 'Coyuco Cochico'),
(1554, 16, 'Cutral C贸'),
(1555, 16, 'El Cholar'),
(1556, 16, 'El Huec煤'),
(1557, 16, 'El Sauce'),
(1558, 16, 'Gua帽acos'),
(1559, 16, 'Huinganco'),
(1560, 16, 'Las Coloradas'),
(1561, 16, 'Las Lajas'),
(1562, 16, 'Las Ovejas'),
(1563, 16, 'Loncopu茅'),
(1564, 16, 'Los Catutos'),
(1565, 16, 'Los Chihuidos'),
(1566, 16, 'Los Miches'),
(1567, 16, 'Manzano Amargo'),
(1568, 16, '16'),
(1569, 16, 'Octavio Pico'),
(1570, 16, 'Paso Aguerre'),
(1571, 16, 'Pic煤n Leuf煤'),
(1572, 16, 'Piedra del Aguila'),
(1573, 16, 'Pilo Lil'),
(1574, 16, 'Plaza Huincul'),
(1575, 16, 'Plottier'),
(1576, 16, 'Quili Malal'),
(1577, 16, 'Ram贸n Castro'),
(1578, 16, 'Rinc贸n de Los Sauces'),
(1579, 16, 'San Mart铆n de Los Andes'),
(1580, 16, 'San Patricio del Cha帽ar'),
(1581, 16, 'Santo Tom谩s'),
(1582, 16, 'Sauzal Bonito'),
(1583, 16, 'Senillosa'),
(1584, 16, 'Taquimil谩n'),
(1585, 16, 'Tricao Malal'),
(1586, 16, 'Varvarco'),
(1587, 16, 'Villa Cur铆 Leuvu'),
(1588, 16, 'Villa del Nahueve'),
(1589, 16, 'Villa del Puente Pic煤n Leuv煤'),
(1590, 16, 'Villa El Choc贸n'),
(1591, 16, 'Villa La Angostura'),
(1592, 16, 'Villa Pehuenia'),
(1593, 16, 'Villa Traful'),
(1594, 16, 'Vista Alegre'),
(1595, 16, 'Zapala'),
(1596, 17, 'Aguada Cecilio'),
(1597, 17, 'Aguada de Guerra'),
(1598, 17, 'All茅n'),
(1599, 17, 'Arroyo de La Ventana'),
(1600, 17, 'Arroyo Los Berros'),
(1601, 17, 'Bariloche'),
(1602, 17, 'Calte. Cordero'),
(1603, 17, 'Campo Grande'),
(1604, 17, 'Catriel'),
(1605, 17, 'Cerro Polic铆a'),
(1606, 17, 'Cervantes'),
(1607, 17, 'Chelforo'),
(1608, 17, 'Chimpay'),
(1609, 17, 'Chinchinales'),
(1610, 17, 'Chipauquil'),
(1611, 17, 'Choele Choel'),
(1612, 17, 'Cinco Saltos'),
(1613, 17, 'Cipolletti'),
(1614, 17, 'Clemente Onelli'),
(1615, 17, 'Col谩n Conhue'),
(1616, 17, 'Comallo'),
(1617, 17, 'Comic贸'),
(1618, 17, 'Cona Niyeu'),
(1619, 17, 'Coronel Belisle'),
(1620, 17, 'Cubanea'),
(1621, 17, 'Darwin'),
(1622, 17, 'Dina Huapi'),
(1623, 17, 'El Bols贸n'),
(1624, 17, 'El Ca铆n'),
(1625, 17, 'El Manso'),
(1626, 17, 'Gral. Conesa'),
(1627, 17, 'Gral. Enrique Godoy'),
(1628, 17, 'Gral. Fernandez Oro'),
(1629, 17, 'Gral. Roca'),
(1630, 17, 'Guardia Mitre'),
(1631, 17, 'Ing. Huergo'),
(1632, 17, 'Ing. Jacobacci'),
(1633, 17, 'Laguna Blanca'),
(1634, 17, 'Lamarque'),
(1635, 17, 'Las Grutas'),
(1636, 17, 'Los Menucos'),
(1637, 17, 'Luis Beltr谩n'),
(1638, 17, 'Mainqu茅'),
(1639, 17, 'Mamuel Choique'),
(1640, 17, 'Maquinchao'),
(1641, 17, 'Mencu茅'),
(1642, 17, 'Mtro. Ramos Mexia'),
(1643, 17, 'Nahuel Niyeu'),
(1644, 17, 'Naupa Huen'),
(1645, 17, 'orquinco'),
(1646, 17, 'Ojos de Agua'),
(1647, 17, 'Paso de Agua'),
(1648, 17, 'Paso Flores'),
(1649, 17, 'Pe帽as Blancas'),
(1650, 17, 'Pichi Mahuida'),
(1651, 17, 'Pilcaniyeu'),
(1652, 17, 'Pomona'),
(1653, 17, 'Prahuaniyeu'),
(1654, 17, 'Rinc贸n Treneta'),
(1655, 17, 'R铆o Chico'),
(1656, 17, 'R铆o Colorado'),
(1657, 17, 'Roca'),
(1658, 17, 'San Antonio Oeste'),
(1659, 17, 'San Javier'),
(1660, 17, 'Sierra Colorada'),
(1661, 17, 'Sierra Grande'),
(1662, 17, 'Sierra Pailem谩n'),
(1663, 17, 'Valcheta'),
(1664, 17, 'Valle Azul'),
(1665, 17, 'Viedma'),
(1666, 17, 'Villa Llanqu铆n'),
(1667, 17, 'Villa Mascardi'),
(1668, 17, 'Villa Regina'),
(1669, 17, 'Yaminu茅'),
(1670, 18, 'A. Saravia'),
(1671, 18, 'Aguaray'),
(1672, 18, 'Angastaco'),
(1673, 18, 'Animan谩'),
(1674, 18, 'Cachi'),
(1675, 18, 'Cafayate'),
(1676, 18, 'Campo Quijano'),
(1677, 18, 'Campo Santo'),
(1678, 18, 'Capital'),
(1679, 18, 'Cerrillos'),
(1680, 18, 'Chicoana'),
(1681, 18, 'Col. Sta. Rosa'),
(1682, 18, 'Coronel Moldes'),
(1683, 18, 'El Bordo'),
(1684, 18, 'El Carril'),
(1685, 18, 'El Galp贸n'),
(1686, 18, 'El Jard铆n'),
(1687, 18, 'El Potrero'),
(1688, 18, 'El Quebrachal'),
(1689, 18, 'El Tala'),
(1690, 18, 'Embarcaci贸n'),
(1691, 18, 'Gral. Ballivian'),
(1692, 18, 'Gral. G眉emes'),
(1693, 18, 'Gral. Mosconi'),
(1694, 18, 'Gral. Pizarro'),
(1695, 18, 'Guachipas'),
(1696, 18, 'Hip贸lito Yrigoyen'),
(1697, 18, 'Iruy谩'),
(1698, 18, 'Isla De Ca帽as'),
(1699, 18, 'J. V. Gonzalez'),
(1700, 18, 'La Caldera'),
(1701, 18, 'La Candelaria'),
(1702, 18, 'La Merced'),
(1703, 18, 'La Poma'),
(1704, 18, 'La Vi帽a'),
(1705, 18, 'Las Lajitas'),
(1706, 18, 'Los Toldos'),
(1707, 18, 'Met谩n'),
(1708, 18, 'Molinos'),
(1709, 18, 'Nazareno'),
(1710, 18, 'Or谩n'),
(1711, 18, 'Payogasta'),
(1712, 18, 'Pichanal'),
(1713, 18, 'Prof. S. Mazza'),
(1714, 18, 'R铆o Piedras'),
(1715, 18, 'Rivadavia Banda Norte'),
(1716, 18, 'Rivadavia Banda Sur'),
(1717, 18, 'Rosario de La Frontera'),
(1718, 18, 'Rosario de Lerma'),
(1719, 18, 'Saclant谩s'),
(1720, 18, '18'),
(1721, 18, 'San Antonio'),
(1722, 18, 'San Carlos'),
(1723, 18, 'San Jos茅 De Met谩n'),
(1724, 18, 'San Ram贸n'),
(1725, 18, 'Santa Victoria E.'),
(1726, 18, 'Santa Victoria O.'),
(1727, 18, 'Tartagal'),
(1728, 18, 'Tolar Grande'),
(1729, 18, 'Urundel'),
(1730, 18, 'Vaqueros'),
(1731, 18, 'Villa San Lorenzo'),
(1732, 19, 'Albard贸n'),
(1733, 19, 'Angaco'),
(1734, 19, 'Calingasta'),
(1735, 19, 'Capital'),
(1736, 19, 'Caucete'),
(1737, 19, 'Chimbas'),
(1738, 19, 'Iglesia'),
(1739, 19, 'Jachal'),
(1740, 19, 'Nueve de Julio'),
(1741, 19, 'Pocito'),
(1742, 19, 'Rawson'),
(1743, 19, 'Rivadavia'),
(1744, 19, '19'),
(1745, 19, 'San Mart铆n'),
(1746, 19, 'Santa Luc铆a'),
(1747, 19, 'Sarmiento'),
(1748, 19, 'Ullum'),
(1749, 19, 'Valle F茅rtil'),
(1750, 19, 'Veinticinco de Mayo'),
(1751, 19, 'Zonda'),
(1752, 20, 'Alto Pelado'),
(1753, 20, 'Alto Pencoso'),
(1754, 20, 'Anchorena'),
(1755, 20, 'Arizona'),
(1756, 20, 'Bagual'),
(1757, 20, 'Balde'),
(1758, 20, 'Batavia'),
(1759, 20, 'Beazley'),
(1760, 20, 'Buena Esperanza'),
(1761, 20, 'Candelaria'),
(1762, 20, 'Capital'),
(1763, 20, 'Carolina'),
(1764, 20, 'Carpinter铆a'),
(1765, 20, 'Concar谩n'),
(1766, 20, 'Cortaderas'),
(1767, 20, 'El Morro'),
(1768, 20, 'El Trapiche'),
(1769, 20, 'El Volc谩n'),
(1770, 20, 'Fort铆n El Patria'),
(1771, 20, 'Fortuna'),
(1772, 20, 'Fraga'),
(1773, 20, 'Juan Jorba'),
(1774, 20, 'Juan Llerena'),
(1775, 20, 'Juana Koslay'),
(1776, 20, 'Justo Daract'),
(1777, 20, 'La Calera'),
(1778, 20, 'La Florida'),
(1779, 20, 'La Punilla'),
(1780, 20, 'La Toma'),
(1781, 20, 'Lafinur'),
(1782, 20, 'Las Aguadas'),
(1783, 20, 'Las Chacras'),
(1784, 20, 'Las Lagunas'),
(1785, 20, 'Las Vertientes'),
(1786, 20, 'Lavaisse'),
(1787, 20, 'Leandro N. Alem'),
(1788, 20, 'Los Molles'),
(1789, 20, 'Luj谩n'),
(1790, 20, 'Mercedes'),
(1791, 20, 'Merlo'),
(1792, 20, 'Naschel'),
(1793, 20, 'Navia'),
(1794, 20, 'Nogol铆'),
(1795, 20, 'Nueva Galia'),
(1796, 20, 'Papagayos'),
(1797, 20, 'Paso Grande'),
(1798, 20, 'Potrero de Los Funes'),
(1799, 20, 'Quines'),
(1800, 20, 'Renca'),
(1801, 20, 'Saladillo'),
(1802, 20, 'San Francisco'),
(1803, 20, 'San Ger贸nimo'),
(1804, 20, 'San Mart铆n'),
(1805, 20, 'San Pablo'),
(1806, 20, 'Santa Rosa de Conlara'),
(1807, 20, 'Talita'),
(1808, 20, 'Tilisarao'),
(1809, 20, 'Uni贸n'),
(1810, 20, 'Villa de La Quebrada'),
(1811, 20, 'Villa de Praga'),
(1812, 20, 'Villa del Carmen'),
(1813, 20, 'Villa Gral. Roca'),
(1814, 20, 'Villa Larca'),
(1815, 20, 'Villa Mercedes'),
(1816, 20, 'Zanjitas'),
(1817, 21, 'Calafate'),
(1818, 21, 'Caleta Olivia'),
(1819, 21, 'Ca帽ad贸n Seco'),
(1820, 21, 'Comandante Piedrabuena'),
(1821, 21, 'El Calafate'),
(1822, 21, 'El Chalt茅n'),
(1823, 21, 'Gdor. Gregores'),
(1824, 21, 'Hip贸lito Yrigoyen'),
(1825, 21, 'Jaramillo'),
(1826, 21, 'Koluel Kaike'),
(1827, 21, 'Las Heras'),
(1828, 21, 'Los Antiguos'),
(1829, 21, 'Perito Moreno'),
(1830, 21, 'Pico Truncado'),
(1831, 21, 'Pto. Deseado'),
(1832, 21, 'Pto. San Juli谩n'),
(1833, 21, 'Pto. 21'),
(1834, 21, 'R铆o Cuarto'),
(1835, 21, 'R铆o Gallegos'),
(1836, 21, 'R铆o Turbio'),
(1837, 21, 'Tres Lagos'),
(1838, 21, 'Veintiocho De Noviembre'),
(1839, 22, 'Aar贸n Castellanos'),
(1840, 22, 'Acebal'),
(1841, 22, 'Aguar谩 Grande'),
(1842, 22, 'Albarellos'),
(1843, 22, 'Alcorta'),
(1844, 22, 'Aldao'),
(1845, 22, 'Alejandra'),
(1846, 22, 'lvarez'),
(1847, 22, 'Ambrosetti'),
(1848, 22, 'Amen谩bar'),
(1849, 22, 'Ang茅lica'),
(1850, 22, 'Angeloni'),
(1851, 22, 'Arequito'),
(1852, 22, 'Arminda'),
(1853, 22, 'Armstrong'),
(1854, 22, 'Arocena'),
(1855, 22, 'Arroyo Aguiar'),
(1856, 22, 'Arroyo Ceibal'),
(1857, 22, 'Arroyo Leyes'),
(1858, 22, 'Arroyo Seco'),
(1859, 22, 'Arruf贸'),
(1860, 22, 'Arteaga'),
(1861, 22, 'Ataliva'),
(1862, 22, 'Aurelia'),
(1863, 22, 'Avellaneda'),
(1864, 22, 'Barrancas'),
(1865, 22, 'Bauer Y Sigel'),
(1866, 22, 'Bella Italia'),
(1867, 22, 'Berabev煤'),
(1868, 22, 'Berna'),
(1869, 22, 'Bernardo de Irigoyen'),
(1870, 22, 'Bigand'),
(1871, 22, 'Bombal'),
(1872, 22, 'Bouquet'),
(1873, 22, 'Bustinza'),
(1874, 22, 'Cabal'),
(1875, 22, 'Cacique Ariacaiquin'),
(1876, 22, 'Cafferata'),
(1877, 22, 'Calchaqu铆'),
(1878, 22, 'Campo Andino'),
(1879, 22, 'Campo Piaggio'),
(1880, 22, 'Ca帽ada de G贸mez'),
(1881, 22, 'Ca帽ada del Ucle'),
(1882, 22, 'Ca帽ada Rica'),
(1883, 22, 'Ca帽ada Rosqu铆n'),
(1884, 22, 'Candioti'),
(1885, 22, 'Capital'),
(1886, 22, 'Capit谩n Berm煤dez'),
(1887, 22, 'Capivara'),
(1888, 22, 'Carcara帽谩'),
(1889, 22, 'Carlos Pellegrini'),
(1890, 22, 'Carmen'),
(1891, 22, 'Carmen Del Sauce'),
(1892, 22, 'Carreras'),
(1893, 22, 'Carrizales'),
(1894, 22, 'Casalegno'),
(1895, 22, 'Casas'),
(1896, 22, 'Casilda'),
(1897, 22, 'Castelar'),
(1898, 22, 'Castellanos'),
(1899, 22, 'Cayast谩'),
(1900, 22, 'Cayastacito'),
(1901, 22, 'Centeno'),
(1902, 22, 'Cepeda'),
(1903, 22, 'Ceres'),
(1904, 22, 'Chab谩s'),
(1905, 22, 'Cha帽ar Ladeado'),
(1906, 22, 'Chapuy'),
(1907, 22, 'Chovet'),
(1908, 22, 'Christophersen'),
(1909, 22, 'Classon'),
(1910, 22, 'Cnel. Arnold'),
(1911, 22, 'Cnel. Bogado'),
(1912, 22, 'Cnel. Dominguez'),
(1913, 22, 'Cnel. Fraga'),
(1914, 22, 'Col. Aldao'),
(1915, 22, 'Col. Ana'),
(1916, 22, 'Col. Belgrano'),
(1917, 22, 'Col. Bicha'),
(1918, 22, 'Col. Bigand'),
(1919, 22, 'Col. Bossi'),
(1920, 22, 'Col. Cavour'),
(1921, 22, 'Col. Cello'),
(1922, 22, 'Col. Dolores'),
(1923, 22, 'Col. Dos Rosas'),
(1924, 22, 'Col. Dur谩n'),
(1925, 22, 'Col. Iturraspe'),
(1926, 22, 'Col. Margarita'),
(1927, 22, 'Col. Mascias'),
(1928, 22, 'Col. Raquel'),
(1929, 22, 'Col. Rosa'),
(1930, 22, 'Col. San Jos茅'),
(1931, 22, 'Constanza'),
(1932, 22, 'Coronda'),
(1933, 22, 'Correa'),
(1934, 22, 'Crispi'),
(1935, 22, 'Culul煤'),
(1936, 22, 'Curupayti'),
(1937, 22, 'Desvio Arij贸n'),
(1938, 22, 'Diaz'),
(1939, 22, 'Diego de Alvear'),
(1940, 22, 'Egusquiza'),
(1941, 22, 'El Araz谩'),
(1942, 22, 'El Rab贸n'),
(1943, 22, 'El Sombrerito'),
(1944, 22, 'El Tr茅bol'),
(1945, 22, 'Elisa'),
(1946, 22, 'Elortondo'),
(1947, 22, 'Emilia'),
(1948, 22, 'Empalme San Carlos'),
(1949, 22, 'Empalme Villa Constitucion'),
(1950, 22, 'Esmeralda'),
(1951, 22, 'Esperanza'),
(1952, 22, 'Estaci贸n Alvear'),
(1953, 22, 'Estacion Clucellas'),
(1954, 22, 'Esteban Rams'),
(1955, 22, 'Esther'),
(1956, 22, 'Esustolia'),
(1957, 22, 'Eusebia'),
(1958, 22, 'Felicia'),
(1959, 22, 'Fidela'),
(1960, 22, 'Fighiera'),
(1961, 22, 'Firmat'),
(1962, 22, 'Florencia'),
(1963, 22, 'Fort铆n Olmos'),
(1964, 22, 'Franck'),
(1965, 22, 'Fray Luis Beltr谩n'),
(1966, 22, 'Frontera'),
(1967, 22, 'Fuentes'),
(1968, 22, 'Funes'),
(1969, 22, 'Gaboto'),
(1970, 22, 'Galisteo'),
(1971, 22, 'G谩lvez'),
(1972, 22, 'Garabalto'),
(1973, 22, 'Garibaldi'),
(1974, 22, 'Gato Colorado'),
(1975, 22, 'Gdor. Crespo'),
(1976, 22, 'Gessler'),
(1977, 22, 'Godoy'),
(1978, 22, 'Golondrina'),
(1979, 22, 'Gral. Gelly'),
(1980, 22, 'Gral. Lagos'),
(1981, 22, 'Granadero Baigorria'),
(1982, 22, 'Gregoria Perez De Denis'),
(1983, 22, 'Grutly'),
(1984, 22, 'Guadalupe N.'),
(1985, 22, 'G枚deken'),
(1986, 22, 'Helvecia'),
(1987, 22, 'Hersilia'),
(1988, 22, 'Hipat铆a'),
(1989, 22, 'Huanqueros'),
(1990, 22, 'Hugentobler'),
(1991, 22, 'Hughes'),
(1992, 22, 'Humberto 1潞'),
(1993, 22, 'Humboldt'),
(1994, 22, 'Ibarlucea'),
(1995, 22, 'Ing. Chanourdie'),
(1996, 22, 'Intiyaco'),
(1997, 22, 'Ituzaing贸'),
(1998, 22, 'Jacinto L. Ar谩uz'),
(1999, 22, 'Josefina'),
(2000, 22, 'Juan B. Molina'),
(2001, 22, 'Juan de Garay'),
(2002, 22, 'Juncal'),
(2003, 22, 'La Brava'),
(2004, 22, 'La Cabral'),
(2005, 22, 'La Camila'),
(2006, 22, 'La Chispa'),
(2007, 22, 'La Clara'),
(2008, 22, 'La Criolla'),
(2009, 22, 'La Gallareta'),
(2010, 22, 'La Lucila'),
(2011, 22, 'La Pelada'),
(2012, 22, 'La Penca'),
(2013, 22, 'La Rubia'),
(2014, 22, 'La Sarita'),
(2015, 22, 'La Vanguardia'),
(2016, 22, 'Labordeboy'),
(2017, 22, 'Laguna Paiva'),
(2018, 22, 'Landeta'),
(2019, 22, 'Lanteri'),
(2020, 22, 'Larrechea'),
(2021, 22, 'Las Avispas'),
(2022, 22, 'Las Bandurrias'),
(2023, 22, 'Las Garzas'),
(2024, 22, 'Las Palmeras'),
(2025, 22, 'Las Parejas'),
(2026, 22, 'Las Petacas'),
(2027, 22, 'Las Rosas'),
(2028, 22, 'Las Toscas'),
(2029, 22, 'Las Tunas'),
(2030, 22, 'Lazzarino'),
(2031, 22, 'Lehmann'),
(2032, 22, 'Llambi Campbell'),
(2033, 22, 'Logro帽o'),
(2034, 22, 'Loma Alta'),
(2035, 22, 'L贸pez'),
(2036, 22, 'Los Amores'),
(2037, 22, 'Los Cardos'),
(2038, 22, 'Los Laureles'),
(2039, 22, 'Los Molinos'),
(2040, 22, 'Los Quirquinchos'),
(2041, 22, 'Lucio V. Lopez'),
(2042, 22, 'Luis Palacios'),
(2043, 22, 'Ma. Juana'),
(2044, 22, 'Ma. Luisa'),
(2045, 22, 'Ma. Susana'),
(2046, 22, 'Ma. Teresa'),
(2047, 22, 'Maciel'),
(2048, 22, 'Maggiolo'),
(2049, 22, 'Malabrigo'),
(2050, 22, 'Marcelino Escalada'),
(2051, 22, 'Margarita'),
(2052, 22, 'Matilde'),
(2053, 22, 'Mau谩'),
(2054, 22, 'M谩ximo Paz'),
(2055, 22, 'Melincu茅'),
(2056, 22, 'Miguel Torres'),
(2057, 22, 'Mois茅s Ville'),
(2058, 22, 'Monigotes'),
(2059, 22, 'Monje'),
(2060, 22, 'Monte Obscuridad'),
(2061, 22, 'Monte Vera'),
(2062, 22, 'Montefiore'),
(2063, 22, 'Montes de Oca'),
(2064, 22, 'Murphy'),
(2065, 22, 'anducita'),
(2066, 22, 'Nar茅'),
(2067, 22, 'Nelson'),
(2068, 22, 'Nicanor E. Molinas'),
(2069, 22, 'Nuevo Torino'),
(2070, 22, 'Oliveros'),
(2071, 22, 'Palacios'),
(2072, 22, 'Pav贸n'),
(2073, 22, 'Pav贸n Arriba'),
(2074, 22, 'Pedro G贸mez Cello'),
(2075, 22, 'P茅rez'),
(2076, 22, 'Peyrano'),
(2077, 22, 'Piamonte'),
(2078, 22, 'Pilar'),
(2079, 22, 'Pi帽ero'),
(2080, 22, 'Plaza Clucellas'),
(2081, 22, 'Portugalete'),
(2082, 22, 'Pozo Borrado'),
(2083, 22, 'Progreso'),
(2084, 22, 'Providencia'),
(2085, 22, 'Pte. Roca'),
(2086, 22, 'Pueblo Andino'),
(2087, 22, 'Pueblo Esther'),
(2088, 22, 'Pueblo Gral. San Mart铆n'),
(2089, 22, 'Pueblo Irigoyen'),
(2090, 22, 'Pueblo Marini'),
(2091, 22, 'Pueblo Mu帽oz'),
(2092, 22, 'Pueblo Uranga'),
(2093, 22, 'Pujato');
INSERT INTO `localidades` (`id`, `id_privincia`, `localidad`) VALUES
(2094, 22, 'Pujato N.'),
(2095, 22, 'Rafaela'),
(2096, 22, 'Ramay贸n'),
(2097, 22, 'Ramona'),
(2098, 22, 'Reconquista'),
(2099, 22, 'Recreo'),
(2100, 22, 'Ricardone'),
(2101, 22, 'Rivadavia'),
(2102, 22, 'Rold谩n'),
(2103, 22, 'Romang'),
(2104, 22, 'Rosario'),
(2105, 22, 'Rueda'),
(2106, 22, 'Rufino'),
(2107, 22, 'Sa Pereira'),
(2108, 22, 'Saguier'),
(2109, 22, 'Saladero M. Cabal'),
(2110, 22, 'Salto Grande'),
(2111, 22, 'San Agust铆n'),
(2112, 22, 'San Antonio de Obligado'),
(2113, 22, 'San Bernardo (N.J.)'),
(2114, 22, 'San Bernardo (S.J.)'),
(2115, 22, 'San Carlos Centro'),
(2116, 22, 'San Carlos N.'),
(2117, 22, 'San Carlos S.'),
(2118, 22, 'San Crist贸bal'),
(2119, 22, 'San Eduardo'),
(2120, 22, 'San Eugenio'),
(2121, 22, 'San Fabi谩n'),
(2122, 22, 'San Fco. de Santa F茅'),
(2123, 22, 'San Genaro'),
(2124, 22, 'San Genaro N.'),
(2125, 22, 'San Gregorio'),
(2126, 22, 'San Guillermo'),
(2127, 22, 'San Javier'),
(2128, 22, 'San Jer贸nimo del Sauce'),
(2129, 22, 'San Jer贸nimo N.'),
(2130, 22, 'San Jer贸nimo S.'),
(2131, 22, 'San Jorge'),
(2132, 22, 'San Jos茅 de La Esquina'),
(2133, 22, 'San Jos茅 del Rinc贸n'),
(2134, 22, 'San Justo'),
(2135, 22, 'San Lorenzo'),
(2136, 22, 'San Mariano'),
(2137, 22, 'San Mart铆n de Las Escobas'),
(2138, 22, 'San Mart铆n N.'),
(2139, 22, 'San Vicente'),
(2140, 22, 'Sancti Spititu'),
(2141, 22, 'Sanford'),
(2142, 22, 'Santo Domingo'),
(2143, 22, 'Santo Tom茅'),
(2144, 22, 'Santurce'),
(2145, 22, 'Sargento Cabral'),
(2146, 22, 'Sarmiento'),
(2147, 22, 'Sastre'),
(2148, 22, 'Sauce Viejo'),
(2149, 22, 'Serodino'),
(2150, 22, 'Silva'),
(2151, 22, 'Soldini'),
(2152, 22, 'Soledad'),
(2153, 22, 'Soutomayor'),
(2154, 22, 'Sta. Clara de Buena Vista'),
(2155, 22, 'Sta. Clara de Saguier'),
(2156, 22, 'Sta. Isabel'),
(2157, 22, 'Sta. Margarita'),
(2158, 22, 'Sta. Maria Centro'),
(2159, 22, 'Sta. Mar铆a N.'),
(2160, 22, 'Sta. Rosa'),
(2161, 22, 'Sta. Teresa'),
(2162, 22, 'Suardi'),
(2163, 22, 'Sunchales'),
(2164, 22, 'Susana'),
(2165, 22, 'Tacuarend铆'),
(2166, 22, 'Tacural'),
(2167, 22, 'Tartagal'),
(2168, 22, 'Teodelina'),
(2169, 22, 'Theobald'),
(2170, 22, 'Timb煤es'),
(2171, 22, 'Toba'),
(2172, 22, 'Tortugas'),
(2173, 22, 'Tostado'),
(2174, 22, 'Totoras'),
(2175, 22, 'Traill'),
(2176, 22, 'Venado Tuerto'),
(2177, 22, 'Vera'),
(2178, 22, 'Vera y Pintado'),
(2179, 22, 'Videla'),
(2180, 22, 'Vila'),
(2181, 22, 'Villa Amelia'),
(2182, 22, 'Villa Ana'),
(2183, 22, 'Villa Ca帽as'),
(2184, 22, 'Villa Constituci贸n'),
(2185, 22, 'Villa Elo铆sa'),
(2186, 22, 'Villa Gdor. G谩lvez'),
(2187, 22, 'Villa Guillermina'),
(2188, 22, 'Villa Minetti'),
(2189, 22, 'Villa Mugueta'),
(2190, 22, 'Villa Ocampo'),
(2191, 22, 'Villa San Jos茅'),
(2192, 22, 'Villa Saralegui'),
(2193, 22, 'Villa Trinidad'),
(2194, 22, 'Villada'),
(2195, 22, 'Virginia'),
(2196, 22, 'Wheelwright'),
(2197, 22, 'Zavalla'),
(2198, 22, 'Zen贸n Pereira'),
(2199, 23, 'A帽atuya'),
(2200, 23, 'rraga'),
(2201, 23, 'Bandera'),
(2202, 23, 'Bandera Bajada'),
(2203, 23, 'Beltr谩n'),
(2204, 23, 'Brea Pozo'),
(2205, 23, 'Campo Gallo'),
(2206, 23, 'Capital'),
(2207, 23, 'Chilca Juliana'),
(2208, 23, 'Choya'),
(2209, 23, 'Clodomira'),
(2210, 23, 'Col. Alpina'),
(2211, 23, 'Col. Dora'),
(2212, 23, 'Col. El Simbolar Robles'),
(2213, 23, 'El Bobadal'),
(2214, 23, 'El Charco'),
(2215, 23, 'El Moj贸n'),
(2216, 23, 'Estaci贸n Atamisqui'),
(2217, 23, 'Estaci贸n Simbolar'),
(2218, 23, 'Fern谩ndez'),
(2219, 23, 'Fort铆n Inca'),
(2220, 23, 'Fr铆as'),
(2221, 23, 'Garza'),
(2222, 23, 'Gramilla'),
(2223, 23, 'Guardia Escolta'),
(2224, 23, 'Herrera'),
(2225, 23, 'Ica帽o'),
(2226, 23, 'Ing. Forres'),
(2227, 23, 'La Banda'),
(2228, 23, 'La Ca帽ada'),
(2229, 23, 'Laprida'),
(2230, 23, 'Lavalle'),
(2231, 23, 'Loreto'),
(2232, 23, 'Los Jur铆es'),
(2233, 23, 'Los N煤帽ez'),
(2234, 23, 'Los Pirpintos'),
(2235, 23, 'Los Quiroga'),
(2236, 23, 'Los Telares'),
(2237, 23, 'Lugones'),
(2238, 23, 'Malbr谩n'),
(2239, 23, 'Matara'),
(2240, 23, 'Medell铆n'),
(2241, 23, 'Monte Quemado'),
(2242, 23, 'Nueva Esperanza'),
(2243, 23, 'Nueva Francia'),
(2244, 23, 'Palo Negro'),
(2245, 23, 'Pampa de Los Guanacos'),
(2246, 23, 'Pinto'),
(2247, 23, 'Pozo Hondo'),
(2248, 23, 'Quimil铆'),
(2249, 23, 'Real Sayana'),
(2250, 23, 'Sachayoj'),
(2251, 23, 'San Pedro de Guasay谩n'),
(2252, 23, 'Selva'),
(2253, 23, 'Sol de Julio'),
(2254, 23, 'Sumampa'),
(2255, 23, 'Suncho Corral'),
(2256, 23, 'Taboada'),
(2257, 23, 'Tapso'),
(2258, 23, 'Termas de Rio Hondo'),
(2259, 23, 'Tintina'),
(2260, 23, 'Tomas Young'),
(2261, 23, 'Vilelas'),
(2262, 23, 'Villa Atamisqui'),
(2263, 23, 'Villa La Punta'),
(2264, 23, 'Villa Ojo de Agua'),
(2265, 23, 'Villa R铆o Hondo'),
(2266, 23, 'Villa Salavina'),
(2267, 23, 'Villa Uni贸n'),
(2268, 23, 'Vilmer'),
(2269, 23, 'Weisburd'),
(2270, 24, 'R铆o Grande'),
(2271, 24, 'Tolhuin'),
(2272, 24, 'Ushuaia'),
(2273, 25, 'Acheral'),
(2274, 25, 'Agua Dulce'),
(2275, 25, 'Aguilares'),
(2276, 25, 'Alderetes'),
(2277, 25, 'Alpachiri'),
(2278, 25, 'Alto Verde'),
(2279, 25, 'Amaicha del Valle'),
(2280, 25, 'Amberes'),
(2281, 25, 'Ancajuli'),
(2282, 25, 'Arcadia'),
(2283, 25, 'Atahona'),
(2284, 25, 'Banda del R铆o Sali'),
(2285, 25, 'Bella Vista'),
(2286, 25, 'Buena Vista'),
(2287, 25, 'Burruyac煤'),
(2288, 25, 'Capit谩n C谩ceres'),
(2289, 25, 'Cevil Redondo'),
(2290, 25, 'Choromoro'),
(2291, 25, 'Ciudacita'),
(2292, 25, 'Colalao del Valle'),
(2293, 25, 'Colombres'),
(2294, 25, 'Concepci贸n'),
(2295, 25, 'Delf铆n Gallo'),
(2296, 25, 'El Bracho'),
(2297, 25, 'El Cadillal'),
(2298, 25, 'El Cercado'),
(2299, 25, 'El Cha帽ar'),
(2300, 25, 'El Manantial'),
(2301, 25, 'El Moj贸n'),
(2302, 25, 'El Mollar'),
(2303, 25, 'El Naranjito'),
(2304, 25, 'El Naranjo'),
(2305, 25, 'El Polear'),
(2306, 25, 'El Puestito'),
(2307, 25, 'El Sacrificio'),
(2308, 25, 'El Timb贸'),
(2309, 25, 'Escaba'),
(2310, 25, 'Esquina'),
(2311, 25, 'Estaci贸n Ar谩oz'),
(2312, 25, 'Famaill谩'),
(2313, 25, 'Gastone'),
(2314, 25, 'Gdor. Garmendia'),
(2315, 25, 'Gdor. Piedrabuena'),
(2316, 25, 'Graneros'),
(2317, 25, 'Huasa Pampa'),
(2318, 25, 'J. B. Alberdi'),
(2319, 25, 'La Cocha'),
(2320, 25, 'La Esperanza'),
(2321, 25, 'La Florida'),
(2322, 25, 'La Ramada'),
(2323, 25, 'La Trinidad'),
(2324, 25, 'Lamadrid'),
(2325, 25, 'Las Cejas'),
(2326, 25, 'Las Talas'),
(2327, 25, 'Las Talitas'),
(2328, 25, 'Los Bulacio'),
(2329, 25, 'Los G贸mez'),
(2330, 25, 'Los Nogales'),
(2331, 25, 'Los Pereyra'),
(2332, 25, 'Los P茅rez'),
(2333, 25, 'Los Puestos'),
(2334, 25, 'Los Ralos'),
(2335, 25, 'Los Sarmientos'),
(2336, 25, 'Los Sosa'),
(2337, 25, 'Lules'),
(2338, 25, 'M. Garc铆a Fern谩ndez'),
(2339, 25, 'Manuela Pedraza'),
(2340, 25, 'Medinas'),
(2341, 25, 'Monte Bello'),
(2342, 25, 'Monteagudo'),
(2343, 25, 'Monteros'),
(2344, 25, 'Padre Monti'),
(2345, 25, 'Pampa Mayo'),
(2346, 25, 'Quilmes'),
(2347, 25, 'Raco'),
(2348, 25, 'Ranchillos'),
(2349, 25, 'R铆o Chico'),
(2350, 25, 'R铆o Colorado'),
(2351, 25, 'R铆o Seco'),
(2352, 25, 'Rumi Punco'),
(2353, 25, 'San Andr茅s'),
(2354, 25, 'San Felipe'),
(2355, 25, 'San Ignacio'),
(2356, 25, 'San Javier'),
(2357, 25, 'San Jos茅'),
(2358, 25, 'San Miguel de 25'),
(2359, 25, 'San Pedro'),
(2360, 25, 'San Pedro de Colalao'),
(2361, 25, 'Santa Rosa de Leales'),
(2362, 25, 'Sgto. Moya'),
(2363, 25, 'Siete de Abril'),
(2364, 25, 'Simoca'),
(2365, 25, 'Soldado Maldonado'),
(2366, 25, 'Sta. Ana'),
(2367, 25, 'Sta. Cruz'),
(2368, 25, 'Sta. Luc铆a'),
(2369, 25, 'Taco Ralo'),
(2370, 25, 'Taf铆 del Valle'),
(2371, 25, 'Taf铆 Viejo'),
(2372, 25, 'Tapia'),
(2373, 25, 'Teniente Berdina'),
(2374, 25, 'Trancas'),
(2375, 25, 'Villa Belgrano'),
(2376, 25, 'Villa Benjam铆n Araoz'),
(2377, 25, 'Villa Chiligasta'),
(2378, 25, 'Villa de Leales'),
(2379, 25, 'Villa Quinteros'),
(2380, 25, 'Y谩nima'),
(2381, 25, 'Yerba Buena'),
(2382, 25, 'Yerba Buena (S)');

-- --------------------------------------------------------

--
-- Estructura de tabla para la tabla `movimientos`
--

CREATE TABLE `movimientos` (
  `recibo` int(10) UNSIGNED ZEROFILL NOT NULL,
  `tipoMov` char(1) NOT NULL,
  `valorMov` double(10,2) NOT NULL,
  `fecha` varchar(50) NOT NULL,
  `honorariosCobrados` double(10,2) NOT NULL,
  `idContrato` int(5) NOT NULL,
  `nroCuota` int(10) NOT NULL
) ENGINE=InnoDB DEFAULT CHARSET=latin1;

--
-- Volcado de datos para la tabla `movimientos`
--

INSERT INTO `movimientos` (`recibo`, `tipoMov`, `valorMov`, `fecha`, `honorariosCobrados`, `idContrato`, `nroCuota`) VALUES
(0000000001, 'I', 2100.00, '31/6/2017', 0.00, 2, 1),
(0000000002, 'I', 2000.00, '31/5/2015', 0.00, 2, 1),
(0000000003, 'I', 600.00, '31/5/2017', 0.00, 2, 2),
(0000000004, 'I', 2000.00, '31/5/2017', 0.00, 2, 2),
(0000000005, 'I', 200.00, '31/5/2017', 0.00, 2, 3),
(0000000006, 'I', 600.00, '31/5/2017', 0.00, 3, 1),
(0000000007, 'I', 1500.00, '31/5/2017', 0.00, 4, 1),
(0000000008, 'I', 500.00, '31/5/2017', 0.00, 4, 1),
(0000000009, 'I', 1000.00, '31/5/2017', 0.00, 4, 1),
(0000000010, 'I', 2580.00, '31/5/2017', 0.00, 4, 2),
(0000000011, 'I', 3144.90, '31/5/2017', 0.00, 7, 1),
(0000000012, 'E', 3720.50, '31/5/2017', 123.00, 12, 1),
(0000000013, 'E', 1700.00, '31/5/2017 ', 100.00, 2, 1),
(0000000014, 'I', 4000.00, '1/6/2017', 0.00, 7, 2),
(0000000015, 'I', 1000.00, '2/6/2017', 0.00, 5, 1),
(0000000016, 'I', 3405.00, '2/6/2017', 0.00, 8, 1),
(0000000017, 'I', 1250.00, '2/6/2017', 0.00, 6, 1),
(0000000018, 'I', 1250.00, '2/6/2017', 0.00, 6, 2),
(0000000019, 'I', 4850.00, '5/6/2017', 0.00, 11, 1),
(0000000020, 'I', 8124.00, '5/6/2017', 0.00, 11, 2),
(0000000021, 'E', 2035.00, '5/6/2017', 115.00, 7, 1),
(0000000022, 'E', 2035.00, '5/6/2017', 115.00, 7, 1),
(0000000023, 'E', 1425.00, '5/6/2017', 75.00, 20, 1),
(0000000024, 'E', 1140.00, '5/6/2017', 60.00, 15, 1),
(0000000025, 'E', 950.00, '5/6/2017', 50.00, 5, 1),
(0000000026, 'E', 950.00, '5/6/2017', 50.00, 5, 2),
(0000000027, 'I', 1222.00, '6/6/2017', 0.00, 17, 1),
(0000000028, 'E', 1160.90, '6/6/2017', 61.10, 17, 1),
(0000000029, 'I', 2580.00, '6/6/2017', 0.00, 4, 3),
(0000000030, 'I', 2580.00, '6/6/2017', 0.00, 4, 4),
(0000000031, 'I', 2580.00, '6/6/2017', 0.00, 4, 5),
(0000000032, 'I', 2580.00, '6/6/2017', 0.00, 4, 6),
(0000000033, 'I', 2580.00, '6/6/2017', 0.00, 4, 7),
(0000000034, 'I', 2580.00, '6/6/2017', 0.00, 4, 8),
(0000000035, 'I', 2580.00, '6/6/2017', 0.00, 4, 9),
(0000000036, 'I', 2580.00, '6/6/2017', 0.00, 4, 10),
(0000000037, 'I', 2580.00, '6/6/2017', 0.00, 4, 11),
(0000000038, 'I', 2580.00, '6/6/2017', 0.00, 4, 12),
(0000000039, 'I', 6000.00, '8/6/2017', 0.00, 18, 1),
(0000000040, 'E', 5700.00, '8/6/2017', 300.00, 18, 1),
(0000000041, 'I', 1500.00, '8/6/2017', 0.00, 8, 2),
(0000000042, 'I', 1000.00, '8/6/2017', 0.00, 6, 3),
(0000000043, 'I', 2300.00, '8/6/2017', 0.00, 7, 3),
(0000000044, 'I', 1000.00, '8/6/2017', 0.00, 6, 4),
(0000000045, 'I', 1000.00, '8/6/2017', 0.00, 6, 4),
(0000000046, 'I', 1000.00, '8/6/2017', 0.00, 6, 4),
(0000000047, 'I', 1000.00, '8/6/2017', 0.00, 6, 4),
(0000000048, 'I', 1000.00, '8/6/2017', 0.00, 6, 4),
(0000000049, 'I', 1000.00, '8/6/2017', 0.00, 6, 4),
(0000000050, 'I', 1000.00, '8/6/2017', 0.00, 6, 5),
(0000000051, 'I', 1400.00, '12/6/2017', 0.00, 10, 1),
(0000000052, 'I', 3500.00, '12/6/2017', 0.00, 23, 1),
(0000000053, 'E', 1425.00, '12/6/2017', 75.00, 23, 1),
(0000000054, 'E', 1425.00, '12/6/2017', 75.00, 23, 2),
(0000000055, 'I', 1229.33, '12/6/2017', 0.00, 19, 1),
(0000000056, 'E', 1160.90, '12/6/2017', 61.10, 19, 1),
(0000000057, 'E', 1160.90, '12/6/2017', 61.10, 19, 2),
(0000000058, 'E', 950.00, '12/6/2017', 50.00, 24, 1),
(0000000059, 'E', 950.00, '12/6/2017', 50.00, 24, 2),
(0000000060, 'E', 950.00, '12/6/2017', 50.00, 24, 3),
(0000000061, 'E', 1425.00, '12/6/2017', 75.00, 24, 4),
(0000000062, 'I', 4982.04, '13/6/2017', 0.00, 22, 1),
(0000000063, 'E', 1140.00, '13/6/2017', 60.00, 10, 1),
(0000000064, 'E', 1140.00, '13/6/2017', 60.00, 10, 2),
(0000000065, 'I', 1000.00, '14/6/2017', 0.00, 10, 2),
(0000000066, 'I', 1000.00, '14/6/2017', 0.00, 6, 6),
(0000000067, 'E', 950.00, '14/6/2017', 50.00, 6, 1),
(0000000068, 'I', 4575.24, '14/6/2017', 0.00, 22, 2),
(0000000069, 'I', 1000.00, '15/6/2017', 0.00, 6, 7),
(0000000070, 'I', 1500.00, '15/6/2017', 0.00, 8, 3),
(0000000071, 'I', 1000.00, '15/6/2017', 0.00, 6, 8),
(0000000072, 'I', 1000.00, '15/6/2017', 0.00, 6, 9),
(0000000073, 'I', 1000.00, '15/6/2017', 0.00, 6, 10),
(0000000074, 'I', 2300.00, '15/6/2017', 0.00, 7, 4),
(0000000075, 'I', 1000.00, '15/6/2017', 0.00, 6, 11),
(0000000076, 'I', 10281.00, '22/6/2017', 0.00, 33, 1),
(0000000077, 'E', 4750.00, '22/6/2017', 250.00, 33, 1),
(0000000078, 'E', 100.00, '22/6/2017', 0.00, 4, 99),
(0000000079, 'E', 1.00, '22/6/2017', 0.00, 33, 99),
(0000000080, 'E', 800.00, '22/6/2017', 0.00, 15, 99),
(0000000081, 'E', 1.00, '22/6/2017', 0.00, 21, 99),
(0000000082, 'I', 1500.00, '22/6/2017', 0.00, 8, 4),
(0000000083, 'I', 1533.00, '26/6/2017', 0.00, 20, 1),
(0000000084, 'E', 1395.00, '26/6/2017', 75.00, 20, 1),
(0000000085, 'I', 1500.00, '27/6/2017', 0.00, 35, 1),
(0000000086, 'I', 3500.00, '4/7/2017', 0.00, 44, 1),
(0000000087, 'E', 1425.00, '4/7/2017', 75.00, 44, 1),
(0000000088, 'I', 1500.00, '4/7/2017', 0.00, 44, 2),
(0000000089, 'E', 1425.00, '4/7/2017', 75.00, 44, 2),
(0000000090, 'I', 4580361.30, '4/7/2017', 0.00, 43, 1),
(0000000091, 'I', 1222.00, '7/7/2017', 0.00, 19, 2),
(0000000092, 'I', 1001.00, '7/7/2017', 0.00, 24, 1),
(0000000093, 'I', 2380.00, '11/7/2017', 0.00, 45, 1),
(0000000094, 'I', 100.00, '11/7/2017', 0.00, 46, 1),
(0000000095, 'I', 250.00, '11/7/2017', 0.00, 46, 2);

-- --------------------------------------------------------

--
-- Estructura de tabla para la tabla `pagopropietario`
--

CREATE TABLE `pagopropietario` (
  `periodo` int(20) NOT NULL,
  `totalPagado` double(10,2) NOT NULL,
  `idContrato` int(5) NOT NULL
) ENGINE=InnoDB DEFAULT CHARSET=latin1;

--
-- Volcado de datos para la tabla `pagopropietario`
--

INSERT INTO `pagopropietario` (`periodo`, `totalPagado`, `idContrato`) VALUES
(1, 1700.00, 2),
(1, 2035.00, 7),
(1, 1140.00, 15),
(1, 950.00, 5),
(2, 950.00, 5),
(1, 1160.90, 17),
(1, 5700.00, 18),
(1, 1425.00, 23),
(2, 1425.00, 23),
(1, 1160.90, 19),
(2, 1160.90, 19),
(1, 950.00, 24),
(2, 950.00, 24),
(3, 950.00, 24),
(4, 1425.00, 24),
(1, 1140.00, 10),
(2, 1140.00, 10),
(1, 950.00, 6),
(1, 4750.00, 33),
(1, 1395.00, 20),
(1, 1425.00, 44),
(2, 1425.00, 44);

-- --------------------------------------------------------

--
-- Estructura de tabla para la tabla `parametrossistema`
--

CREATE TABLE `parametrossistema` (
  `diasAlerta` int(3) NOT NULL,
  `purcentajePunitorios` double(10,2) NOT NULL,
  `porcentajeComision` double(10,2) NOT NULL
) ENGINE=InnoDB DEFAULT CHARSET=latin1;

--
-- Volcado de datos para la tabla `parametrossistema`
--

INSERT INTO `parametrossistema` (`diasAlerta`, `purcentajePunitorios`, `porcentajeComision`) VALUES
(1, 0.30, 6.00);

-- --------------------------------------------------------

--
-- Estructura de tabla para la tabla `provincias`
--

CREATE TABLE `provincias` (
  `id` int(10) NOT NULL,
  `provincia` varchar(255) NOT NULL
) ENGINE=MyISAM DEFAULT CHARSET=latin1;

--
-- Volcado de datos para la tabla `provincias`
--

INSERT INTO `provincias` (`id`, `provincia`) VALUES
(1, 'Buenos Aires'),
(2, 'Buenos Aires-GBA'),
(3, 'Capital Federal'),
(4, 'Catamarca'),
(5, 'Chaco'),
(6, 'Chubut'),
(7, 'C贸rdoba'),
(8, 'Corrientes'),
(9, 'Entre R铆os'),
(10, 'Formosa'),
(11, 'Jujuy'),
(12, 'La Pampa'),
(13, 'La Rioja'),
(14, 'Mendoza'),
(15, 'Misiones'),
(16, 'Neuqu茅n'),
(17, 'R铆o Negro'),
(18, 'Salta'),
(19, 'San Juan'),
(20, 'San Luis'),
(21, 'Santa Cruz'),
(22, 'Santa Fe'),
(23, 'Santiago del Estero'),
(24, 'Tierra del Fuego'),
(25, 'Tucum谩n');

-- --------------------------------------------------------

--
-- Estructura de tabla para la tabla `usuarios`
--

CREATE TABLE `usuarios` (
  `idUsuario` int(5) NOT NULL,
  `usuario` varchar(30) NOT NULL,
  `clave` varchar(30) NOT NULL,
  `tipo` enum('ADMINISTRADOR','EMPLEADO') NOT NULL,
  `habilitado` tinyint(1) NOT NULL DEFAULT '1'
) ENGINE=InnoDB DEFAULT CHARSET=latin1;

--
-- Volcado de datos para la tabla `usuarios`
--

INSERT INTO `usuarios` (`idUsuario`, `usuario`, `clave`, `tipo`, `habilitado`) VALUES
(1, 'ADMIN', 'tate', 'ADMINISTRADOR', 1),
(5, 'NAHUEL', 'nahuel1234', 'EMPLEADO', 1),
(6, 'AGUSTIN', 'union', 'EMPLEADO', 1),
(7, 'HERNAN', 'hernan', 'EMPLEADO', 1);

--
-- ndices para tablas volcadas
--

--
-- Indices de la tabla `cliente`
--
ALTER TABLE `cliente`
  ADD PRIMARY KEY (`idCliente`);

--
-- Indices de la tabla `contrato`
--
ALTER TABLE `contrato`
  ADD PRIMARY KEY (`idContrato`);

--
-- Indices de la tabla `inmueble`
--
ALTER TABLE `inmueble`
  ADD PRIMARY KEY (`idInmueble`);

--
-- Indices de la tabla `localidades`
--
ALTER TABLE `localidades`
  ADD PRIMARY KEY (`id`);

--
-- Indices de la tabla `movimientos`
--
ALTER TABLE `movimientos`
  ADD PRIMARY KEY (`recibo`);

--
-- Indices de la tabla `provincias`
--
ALTER TABLE `provincias`
  ADD PRIMARY KEY (`id`);

--
-- Indices de la tabla `usuarios`
--
ALTER TABLE `usuarios`
  ADD PRIMARY KEY (`idUsuario`);

--
-- AUTO_INCREMENT de las tablas volcadas
--

--
-- AUTO_INCREMENT de la tabla `inmueble`
--
ALTER TABLE `inmueble`
  MODIFY `idInmueble` int(5) NOT NULL AUTO_INCREMENT, AUTO_INCREMENT=26;
--
-- AUTO_INCREMENT de la tabla `localidades`
--
ALTER TABLE `localidades`
  MODIFY `id` int(11) NOT NULL AUTO_INCREMENT, AUTO_INCREMENT=2383;
--
-- AUTO_INCREMENT de la tabla `movimientos`
--
ALTER TABLE `movimientos`
  MODIFY `recibo` int(10) UNSIGNED ZEROFILL NOT NULL AUTO_INCREMENT, AUTO_INCREMENT=96;
--
-- AUTO_INCREMENT de la tabla `provincias`
--
ALTER TABLE `provincias`
  MODIFY `id` int(10) NOT NULL AUTO_INCREMENT, AUTO_INCREMENT=26;
--
-- AUTO_INCREMENT de la tabla `usuarios`
--
ALTER TABLE `usuarios`
  MODIFY `idUsuario` int(5) NOT NULL AUTO_INCREMENT, AUTO_INCREMENT=8;
/*!40101 SET CHARACTER_SET_CLIENT=@OLD_CHARACTER_SET_CLIENT */;
/*!40101 SET CHARACTER_SET_RESULTS=@OLD_CHARACTER_SET_RESULTS */;
/*!40101 SET COLLATION_CONNECTION=@OLD_COLLATION_CONNECTION */;
